epoch,phase,itr,lr,KL,RE,beta,time
1,train,25,0.0002,3.264450273513794,0.0070679084956645965,0.1,0m 10s
1,train,50,0.0002,3.1046211099624634,0.0070642494596540924,0.1,0m 9s
1,train,75,0.0002,3.00925453821818,0.007052498416354259,0.1,0m 9s
1,train,100,0.0002,2.9587733697891236,0.007041383082978427,0.1,0m 9s
1,train,125,0.0002,2.9295496330261233,0.007055885083973408,0.1,0m 9s
1,train,150,0.0002,2.9138099336624146,0.007061091546590129,0.1,0m 9s
1,train,175,0.0002,2.901075632912772,0.007053170574030706,0.1,0m 9s
1,train,200,0.0002,2.890240650177002,0.007049586961511522,0.1,0m 9s
1,train,225,0.0002,2.882897755304972,0.007052572261956003,0.1,0m 9s
1,train,250,0.0002,2.8773174324035646,0.007051430340856314,0.1,0m 9s
1,train,275,0.0002,2.8726150486686013,0.007050546416166154,0.1,0m 9s
1,train,300,0.0002,2.868360869884491,0.007049073587792615,0.1,0m 9s
1,train,325,0.0002,2.863936565839327,0.007044629239692138,0.1,0m 9s
1,train,350,0.0002,2.8596347631726946,0.007042655625513622,0.1,0m 9s
1,train,375,0.0002,2.857487475077311,0.007046419714887937,0.1,0m 9s
1,train,400,0.0002,2.855003734230995,0.007041817962890491,0.1,0m 9s
1,train,425,0.0002,2.8523989767186784,0.007040092974682065,0.1,0m 9s
1,train,450,0.0002,2.850657036039564,0.007045943033364084,0.1,0m 9s
1,train,475,0.0002,2.848742272728368,0.007049595874391104,0.1,0m 9s
1,train,500,0.0002,2.846750242233276,0.007048335187137127,0.1,0m 9s
1,train,525,0.0002,2.8458080051058814,0.0070449889690748285,0.1,0m 10s
1,train,550,0.0002,2.8450346357172185,0.007046826281161471,0.1,0m 9s
1,train,575,0.0002,2.8432132588262142,0.007049536531710106,0.1,0m 9s
1,train,600,0.0002,2.8425956730047863,0.007048798354808241,0.1,0m 9s
1,train,625,0.0002,2.8417877254486084,0.0070497486308217045,0.1,0m 9s
1,train,650,0.0002,2.8411292574955866,0.007051674899143668,0.1,0m 9s
1,train,675,0.0002,2.8401770793067085,0.007052698942522208,0.1,0m 9s
1,train,700,0.0002,2.83944342476981,0.007051769391234432,0.1,0m 9s
1,train,725,0.0002,2.8386086098901155,0.007051753157043252,0.1,0m 9s
1,train,750,0.0002,2.8380798171361286,0.007052519118413329,0.1,0m 9s
1,train,775,0.0002,2.8373574435326363,0.007053275825756211,0.1,0m 9s
1,train,800,0.0002,2.83693198800087,0.007055424076970667,0.1,0m 9s
1,train,825,0.0002,2.836515519980228,0.00705527832900936,0.1,0m 9s
1,train,850,0.0002,2.835854379710029,0.007051258790032829,0.1,0m 9s
1,train,875,0.0002,2.8347693353380476,0.007050079609134368,0.1,0m 9s
1,train,900,0.0002,2.834489430586497,0.00705080187982983,0.1,0m 9s
1,train,925,0.0002,2.834138563259228,0.007052456336851055,0.1,0m 9s
1,train,950,0.0002,2.8335210167734246,0.0070538709930291306,0.1,0m 9s
1,train,975,0.0002,2.83316885410211,0.007054068089391177,0.1,0m 9s
1,train,1000,0.0002,2.8326140298843385,0.007056431666016579,0.1,0m 9s
1,train,1025,0.0002,2.832082954964987,0.007054870500706318,0.1,0m 10s
1,train,1050,0.0002,2.8316482641583396,0.007054995645635894,0.1,0m 9s
1,train,1075,0.0002,2.8313638676044555,0.007054893512192161,0.1,0m 9s
1,train,1100,0.0002,2.8310060113126583,0.007056202316572043,0.1,0m 9s
1,train,1125,0.0002,2.8310278148651125,0.0070548509160677595,0.1,0m 9s
1,train,1150,0.0002,2.830744780042897,0.0070554430940714865,0.1,0m 9s
1,train,1175,0.0002,2.830610449364845,0.007055035470093184,0.1,0m 9s
1,train,1200,0.0002,2.8303716446956,0.007054149810379992,0.1,0m 9s
1,train,1225,0.0002,2.8300088539902046,0.0070531719292000845,0.1,0m 9s
1,train,1250,0.0002,2.8296648406982423,0.007054962019249797,0.1,0m 9s
1,train,1267,0.0002,2.82965287902549,0.007055671221114277,0.1,0m 6s
1,val,25,0.0002,2.8283601207629814,0.007045874790931495,0.1,0m 6s
1,val,50,0.0002,2.8272006350570136,0.007036502885327433,0.1,0m 6s
1,val,75,0.0002,2.8259633170154874,0.007027428234259747,0.1,0m 5s
1,val,100,0.0002,2.8248613002793843,0.007018872862375166,0.1,0m 6s
1,val,125,0.0002,2.823813319206238,0.007011056706729484,0.1,0m 5s
1,val,150,0.0002,2.8227500545364412,0.0070024672734643805,0.1,0m 5s
1,val,159,0.0002,2.8224336512459947,0.00700094621056406,0.1,0m 2s
2,train,25,0.0002,2.8085105800628662,0.007079568617045879,0.1,0m 10s
2,train,50,0.0002,2.8046685457229614,0.007063951073214412,0.1,0m 9s
2,train,75,0.0002,2.8031263224283856,0.007065771259367466,0.1,0m 9s
2,train,100,0.0002,2.806314263343811,0.007071413435041905,0.1,0m 9s
2,train,125,0.0002,2.807340309143066,0.0070864312760531905,0.1,0m 9s
2,train,150,0.0002,2.809332432746887,0.007088048060735067,0.1,0m 9s
2,train,175,0.0002,2.808159099306379,0.007079431558293956,0.1,0m 9s
2,train,200,0.0002,2.8108236706256866,0.007076253152918071,0.1,0m 9s
2,train,225,0.0002,2.8098417610592312,0.007072266509963406,0.1,0m 9s
2,train,250,0.0002,2.8100753231048583,0.007065418994054198,0.1,0m 9s
2,train,275,0.0002,2.8094513858448376,0.007069816103374416,0.1,0m 9s
2,train,300,0.0002,2.810104235013326,0.007068058652803302,0.1,0m 9s
2,train,325,0.0002,2.809066623541025,0.007069139269968638,0.1,0m 9s
2,train,350,0.0002,2.808972338948931,0.00706090265086719,0.1,0m 9s
2,train,375,0.0002,2.809766901652018,0.007057470910251141,0.1,0m 9s
2,train,400,0.0002,2.809955276846886,0.007059666415443644,0.1,0m 9s
2,train,425,0.0002,2.81091186579536,0.007056208429310252,0.1,0m 9s
2,train,450,0.0002,2.810642884572347,0.007055742630942,0.1,0m 9s
2,train,475,0.0002,2.8103306639821906,0.007058332322263404,0.1,0m 9s
2,train,500,0.0002,2.810840648174286,0.007061606595292687,0.1,0m 9s
2,train,525,0.0002,2.8117364134107317,0.007064684718137696,0.1,0m 10s
2,train,550,0.0002,2.811788234277205,0.007063820615241473,0.1,0m 9s
2,train,575,0.0002,2.8118794366587765,0.007062717318210913,0.1,0m 9s
2,train,600,0.0002,2.8122594062487285,0.007063323441737642,0.1,0m 9s
2,train,625,0.0002,2.8118707206726072,0.007064106310158968,0.1,0m 9s
2,train,650,0.0002,2.8121939303324774,0.007061465495767502,0.1,0m 9s
2,train,675,0.0002,2.8122669371852167,0.0070624313572490655,0.1,0m 9s
2,train,700,0.0002,2.8118244692257472,0.007064074653067759,0.1,0m 9s
2,train,725,0.0002,2.812226681873716,0.007066955008254996,0.1,0m 9s
2,train,750,0.0002,2.8118598566055297,0.007066405409326156,0.1,0m 9s
2,train,775,0.0002,2.812297326364825,0.0070663807390918655,0.1,0m 9s
2,train,800,0.0002,2.812222534120083,0.007069229647750035,0.1,0m 9s
2,train,825,0.0002,2.812349205595074,0.007069544762260083,0.1,0m 9s
2,train,850,0.0002,2.812408723831177,0.007071149147060864,0.1,0m 9s
2,train,875,0.0002,2.8118710065569195,0.007069021944488798,0.1,0m 9s
2,train,900,0.0002,2.811633132033878,0.0070663931500166656,0.1,0m 9s
2,train,925,0.0002,2.8117070012479215,0.007065462315505421,0.1,0m 9s
2,train,950,0.0002,2.811832194077341,0.007067979743312064,0.1,0m 9s
2,train,975,0.0002,2.8115236057379307,0.0070653428113422335,0.1,0m 9s
2,train,1000,0.0002,2.8115448739528657,0.007062680401839316,0.1,0m 9s
2,train,1025,0.0002,2.811359287820211,0.007062625608793119,0.1,0m 10s
2,train,1050,0.0002,2.811308735892886,0.007061488691806083,0.1,0m 9s
2,train,1075,0.0002,2.8112527674297954,0.0070607141249401624,0.1,0m 9s
2,train,1100,0.0002,2.811682237061587,0.00706177725456655,0.1,0m 9s
2,train,1125,0.0002,2.8112109894222685,0.007059860874381331,0.1,0m 9s
2,train,1150,0.0002,2.8112136579596476,0.007057475190123786,0.1,0m 9s
2,train,1175,0.0002,2.8112157679618672,0.007059975772937562,0.1,0m 9s
2,train,1200,0.0002,2.8113283560673397,0.0070584821596276015,0.1,0m 9s
2,train,1225,0.0002,2.8111196648344703,0.007057325470888493,0.1,0m 9s
2,train,1250,0.0002,2.810749994087219,0.007057573321834207,0.1,0m 9s
2,train,1267,0.0002,2.810695304208227,0.007058119457935431,0.1,0m 6s
2,val,25,0.0002,2.809197040165172,0.0070507606699047815,0.1,0m 6s
2,val,50,0.0002,2.807763176608828,0.007042536718859963,0.1,0m 5s
2,val,75,0.0002,2.8064265437701774,0.0070367311647969635,0.1,0m 6s
2,val,100,0.0002,2.805159996614547,0.007030616386642989,0.1,0m 5s
2,val,125,0.0002,2.80390346084518,0.007024922687158887,0.1,0m 5s
2,val,150,0.0002,2.802760063466171,0.007019423402519864,0.1,0m 5s
2,val,159,0.0002,2.802376249729333,0.00701758556386657,0.1,0m 2s
3,train,25,0.0002,2.819257068634033,0.007008771393448115,0.1,0m 10s
3,train,50,0.0002,2.820062208175659,0.007039249781519175,0.1,0m 9s
3,train,75,0.0002,2.816305987040202,0.007046031982948383,0.1,0m 9s
3,train,100,0.0002,2.8172065949440004,0.007052300455980003,0.1,0m 9s
3,train,125,0.0002,2.815880569458008,0.007062148239463568,0.1,0m 9s
3,train,150,0.0002,2.8151051568984986,0.007050496290127437,0.1,0m 9s
3,train,175,0.0002,2.8117272254398893,0.007048364183200258,0.1,0m 9s
3,train,200,0.0002,2.8124250602722167,0.007045250288210809,0.1,0m 9s
3,train,225,0.0002,2.811363804075453,0.007043860180096494,0.1,0m 9s
3,train,250,0.0002,2.8106678247451784,0.0070520209278911354,0.1,0m 9s
3,train,275,0.0002,2.8107492706992407,0.007049574533646757,0.1,0m 9s
3,train,300,0.0002,2.811570565700531,0.007051876246308287,0.1,0m 9s
3,train,325,0.0002,2.811468107516949,0.007057022045438106,0.1,0m 9s
3,train,350,0.0002,2.811971583366394,0.007049495145412428,0.1,0m 9s
3,train,375,0.0002,2.811973772684733,0.007055103226254383,0.1,0m 9s
3,train,400,0.0002,2.8125274240970612,0.007054152823984623,0.1,0m 9s
3,train,425,0.0002,2.812842434153837,0.007057733018608655,0.1,0m 9s
3,train,450,0.0002,2.812519513236152,0.007059241351154115,0.1,0m 9s
3,train,475,0.0002,2.8123431496871145,0.007055016763900456,0.1,0m 9s
3,train,500,0.0002,2.8113311829566956,0.007055344913154841,0.1,0m 9s
3,train,525,0.0002,2.8116043258848644,0.007054388151459751,0.1,0m 10s
3,train,550,0.0002,2.810844010439786,0.007055108310993422,0.1,0m 9s
3,train,575,0.0002,2.8106810557323954,0.007055858091815658,0.1,0m 9s
3,train,600,0.0002,2.81086736480395,0.007052019534166902,0.1,0m 9s
3,train,625,0.0002,2.811072447967529,0.00705049799978733,0.1,0m 9s
3,train,650,0.0002,2.811266342676603,0.007052715581913407,0.1,0m 9s
3,train,675,0.0002,2.8110258861824318,0.007052338440661077,0.1,0m 9s
3,train,700,0.0002,2.810919044017792,0.00704929336240249,0.1,0m 9s
3,train,725,0.0002,2.8104850463209483,0.007051340833563229,0.1,0m 9s
3,train,750,0.0002,2.810705411593119,0.007053717847292622,0.1,0m 9s
3,train,775,0.0002,2.8109682775312854,0.007055310842490965,0.1,0m 9s
3,train,800,0.0002,2.810721033513546,0.007054699475993402,0.1,0m 9s
3,train,825,0.0002,2.8103361615267666,0.007056234866154917,0.1,0m 9s
3,train,850,0.0002,2.8105444840823903,0.007057146814049167,0.1,0m 9s
3,train,875,0.0002,2.8102691541399274,0.0070601097345352175,0.1,0m 9s
3,train,900,0.0002,2.810407659212748,0.00706204772926867,0.1,0m 9s
3,train,925,0.0002,2.8099916105012634,0.007061007431129346,0.1,0m 9s
3,train,950,0.0002,2.810016295533431,0.00705787046273288,0.1,0m 9s
3,train,975,0.0002,2.809650007394644,0.007057395275586691,0.1,0m 9s
3,train,1000,0.0002,2.809629798412323,0.007057163686491549,0.1,0m 9s
3,train,1025,0.0002,2.8097676177141144,0.007058923789640752,0.1,0m 10s
3,train,1050,0.0002,2.809729413986206,0.007057827135459298,0.1,0m 9s
3,train,1075,0.0002,2.8095851217314256,0.007058514984714431,0.1,0m 9s
3,train,1100,0.0002,2.80982563235543,0.007054503740827468,0.1,0m 9s
3,train,1125,0.0002,2.809690159479777,0.00705461260345247,0.1,0m 9s
3,train,1150,0.0002,2.809648744956307,0.007055399455939946,0.1,0m 9s
3,train,1175,0.0002,2.8095692766473648,0.007053662498501387,0.1,0m 9s
3,train,1200,0.0002,2.8094688236713408,0.007054534362008175,0.1,0m 9s
3,train,1225,0.0002,2.8093112126175237,0.007052425742529484,0.1,0m 9s
3,train,1250,0.0002,2.809193655967712,0.007052798039838671,0.1,0m 9s
3,train,1267,0.0002,2.8092051485719507,0.007052853027977573,0.1,0m 6s
3,val,25,0.0002,2.807785788003136,0.007044327768624036,0.1,0m 6s
3,val,50,0.0002,2.80641213582154,0.007035383119848228,0.1,0m 5s
3,val,75,0.0002,2.805062587321604,0.007026944977776793,0.1,0m 5s
3,val,100,0.0002,2.8037925701378557,0.007018833612272381,0.1,0m 5s
3,val,125,0.0002,2.8026900908042647,0.00701307594219501,0.1,0m 5s
3,val,150,0.0002,2.8015916027817496,0.007007922470469709,0.1,0m 6s
3,val,159,0.0002,2.801234902372534,0.007005723716422059,0.1,0m 1s
4,train,25,0.0002,2.810271739959717,0.007064678408205509,0.1,0m 10s
4,train,50,0.0002,2.80291259765625,0.007023235019296407,0.1,0m 9s
4,train,75,0.0002,2.8100704765319824,0.007045419209947189,0.1,0m 9s
4,train,100,0.0002,2.8101649570465086,0.007039839229546488,0.1,0m 9s
4,train,125,0.0002,2.8110096302032472,0.00705433626845479,0.1,0m 9s
4,train,150,0.0002,2.8111328792572023,0.007049953453242779,0.1,0m 9s
4,train,175,0.0002,2.8096425124577116,0.007055615194674049,0.1,0m 9s
4,train,200,0.0002,2.8089903259277342,0.0070530549972318115,0.1,0m 9s
4,train,225,0.0002,2.809429856406318,0.00706146406630675,0.1,0m 9s
4,train,250,0.0002,2.809550235748291,0.007051549438387155,0.1,0m 9s
4,train,275,0.0002,2.8085667930949816,0.007048291199925271,0.1,0m 9s
4,train,300,0.0002,2.80911717971166,0.007044609664008022,0.1,0m 9s
4,train,325,0.0002,2.8085845609811635,0.007042887567614134,0.1,0m 9s
4,train,350,0.0002,2.8080167647770473,0.007040370476565191,0.1,0m 9s
4,train,375,0.0002,2.808033929824829,0.007041555186112722,0.1,0m 9s
4,train,400,0.0002,2.8079159653186796,0.007047753293300048,0.1,0m 9s
4,train,425,0.0002,2.80784795256222,0.007049125199589659,0.1,0m 9s
4,train,450,0.0002,2.8075761630800034,0.007049852400604221,0.1,0m 9s
4,train,475,0.0002,2.807382291492663,0.007047227792637912,0.1,0m 9s
4,train,500,0.0002,2.807471398353577,0.007049210065044463,0.1,0m 9s
4,train,525,0.0002,2.808110969634283,0.0070491097273216365,0.1,0m 10s
4,train,550,0.0002,2.8085652667825873,0.00705145141702484,0.1,0m 9s
4,train,575,0.0002,2.807869679409525,0.007046732521899368,0.1,0m 9s
4,train,600,0.0002,2.8075114997227986,0.007050603840034455,0.1,0m 9s
4,train,625,0.0002,2.808199166107178,0.007054428049176931,0.1,0m 9s
4,train,650,0.0002,2.8077967581382164,0.007053706657428008,0.1,0m 9s
4,train,675,0.0002,2.8080435477362737,0.007055398614870177,0.1,0m 9s
4,train,700,0.0002,2.808077574798039,0.0070559363439679145,0.1,0m 9s
4,train,725,0.0002,2.8081410542849836,0.007054370323774116,0.1,0m 9s
4,train,750,0.0002,2.8081034472783406,0.007052481850609183,0.1,0m 9s
4,train,775,0.0002,2.8083509331364787,0.0070516332305006445,0.1,0m 9s
4,train,800,0.0002,2.8086583328247072,0.007049201855552383,0.1,0m 9s
4,train,825,0.0002,2.8083354155222575,0.007050217725336551,0.1,0m 9s
4,train,850,0.0002,2.8078474070044126,0.007050251009709694,0.1,0m 9s
4,train,875,0.0002,2.807760706765311,0.007047651193503823,0.1,0m 9s
4,train,900,0.0002,2.8080134847429066,0.007049861173145473,0.1,0m 9s
4,train,925,0.0002,2.8077992302662618,0.00704899040176659,0.1,0m 9s
4,train,950,0.0002,2.8076838739294754,0.0070503761604624356,0.1,0m 9s
4,train,975,0.0002,2.8082079046200485,0.00705319479203377,0.1,0m 9s
4,train,1000,0.0002,2.8082455193996427,0.007055807895027101,0.1,0m 9s
4,train,1025,0.0002,2.8079846147211587,0.007053954953373205,0.1,0m 10s
4,train,1050,0.0002,2.8078768643878753,0.0070538236662035896,0.1,0m 9s
4,train,1075,0.0002,2.808155640668647,0.0070530418934690395,0.1,0m 9s
4,train,1100,0.0002,2.8076534921472724,0.0070527627839791504,0.1,0m 9s
4,train,1125,0.0002,2.8075652741326227,0.007051446310761902,0.1,0m 9s
4,train,1150,0.0002,2.807534456667693,0.007049413005537961,0.1,0m 9s
4,train,1175,0.0002,2.8075050372265755,0.007049751982409903,0.1,0m 9s
4,train,1200,0.0002,2.807331690788269,0.007049937528014804,0.1,0m 9s
4,train,1225,0.0002,2.8071460686897747,0.0070505317665484485,0.1,0m 9s
4,train,1250,0.0002,2.807189870262146,0.007049861513078213,0.1,0m 9s
4,train,1267,0.0002,2.8072908221969666,0.007048778551253589,0.1,0m 6s
4,val,25,0.0002,2.8061163571227814,0.007039917649156284,0.1,0m 6s
4,val,50,0.0002,2.805100618752007,0.007033659397690199,0.1,0m 5s
4,val,75,0.0002,2.8040240558888625,0.007027875053614445,0.1,0m 6s
4,val,100,0.0002,2.8029699039528992,0.007019584005168518,0.1,0m 6s
4,val,125,0.0002,2.8019829738414153,0.0070115848753504965,0.1,0m 5s
4,val,150,0.0002,2.8011441355283275,0.007005292103982721,0.1,0m 6s
4,val,159,0.0002,2.8008343693584745,0.0070025484586398404,0.1,0m 2s
5,train,25,0.0002,2.8015055656433105,0.007037135306745768,0.1,0m 10s
5,train,50,0.0002,2.8005771446228027,0.007034693285822869,0.1,0m 9s
5,train,75,0.0002,2.8012205727895103,0.007054600932945808,0.1,0m 9s
5,train,100,0.0002,2.805164279937744,0.007054473403841257,0.1,0m 9s
5,train,125,0.0002,2.803496639251709,0.0070634218864142895,0.1,0m 9s
5,train,150,0.0002,2.8035540421803793,0.007060930645093322,0.1,0m 9s
5,train,175,0.0002,2.8032044792175292,0.007062311909560646,0.1,0m 9s
5,train,200,0.0002,2.8017165231704713,0.007068910743109882,0.1,0m 9s
5,train,225,0.0002,2.8031184779273137,0.007056639360056983,0.1,0m 9s
5,train,250,0.0002,2.8024741411209106,0.007056772975251079,0.1,0m 9s
5,train,275,0.0002,2.80318489854986,0.007055308654565703,0.1,0m 9s
5,train,300,0.0002,2.805278545220693,0.007048794670651356,0.1,0m 9s
5,train,325,0.0002,2.8051504039764406,0.007051184518406024,0.1,0m 9s
5,train,350,0.0002,2.8056899431773594,0.007052440865497504,0.1,0m 9s
5,train,375,0.0002,2.8057734152475993,0.007051699659476678,0.1,0m 9s
5,train,400,0.0002,2.8063328891992567,0.007048063379479572,0.1,0m 9s
5,train,425,0.0002,2.8064854677985696,0.007046351854634636,0.1,0m 9s
5,train,450,0.0002,2.805889288584391,0.00704581919643614,0.1,0m 9s
5,train,475,0.0002,2.8070393858457865,0.007046936134758749,0.1,0m 9s
5,train,500,0.0002,2.8068579444885255,0.007049805053509771,0.1,0m 9s
5,train,525,0.0002,2.8062005515325636,0.007051212433725596,0.1,0m 10s
5,train,550,0.0002,2.8064289725910534,0.0070535965966568755,0.1,0m 9s
5,train,575,0.0002,2.8068916955201524,0.007054966767521008,0.1,0m 9s
5,train,600,0.0002,2.8071768724918367,0.007057198244923105,0.1,0m 9s
5,train,625,0.0002,2.806823620605469,0.007060720428079367,0.1,0m 9s
5,train,650,0.0002,2.8068804256732647,0.007062485917256428,0.1,0m 9s
5,train,675,0.0002,2.806934631488941,0.007063027347817465,0.1,0m 9s
5,train,700,0.0002,2.806556033747537,0.007061059794255665,0.1,0m 9s
5,train,725,0.0002,2.8063525216332796,0.007058392867189029,0.1,0m 9s
5,train,750,0.0002,2.806017402013143,0.007060138396297892,0.1,0m 9s
5,train,775,0.0002,2.8059365795504663,0.00705793242240625,0.1,0m 9s
5,train,800,0.0002,2.805982651114464,0.00705696998978965,0.1,0m 9s
5,train,825,0.0002,2.8060042771426112,0.007057251615280455,0.1,0m 9s
5,train,850,0.0002,2.8060421907200532,0.007057272565058049,0.1,0m 9s
5,train,875,0.0002,2.8058981058938164,0.00706007637402841,0.1,0m 9s
5,train,900,0.0002,2.8063477336035834,0.0070585860467205445,0.1,0m 9s
5,train,925,0.0002,2.8059231464282886,0.007059892987379351,0.1,0m 9s
5,train,950,0.0002,2.8058040859824733,0.007061116390028282,0.1,0m 9s
5,train,975,0.0002,2.8055656105432756,0.007060983431740449,0.1,0m 9s
5,train,1000,0.0002,2.8055860195159914,0.007059804922435433,0.1,0m 9s
5,train,1025,0.0002,2.805493236867393,0.0070580927700531195,0.1,0m 10s
5,train,1050,0.0002,2.8056857683545067,0.007057054060112153,0.1,0m 9s
5,train,1075,0.0002,2.8054838491040606,0.007055210472019606,0.1,0m 9s
5,train,1100,0.0002,2.8057889986038207,0.007054868122901429,0.1,0m 9s
5,train,1125,0.0002,2.8057859948476156,0.007051584807948934,0.1,0m 9s
5,train,1150,0.0002,2.8056832307317983,0.007052209608094847,0.1,0m 9s
5,train,1175,0.0002,2.8056748542379824,0.007054735872736003,0.1,0m 9s
5,train,1200,0.0002,2.805574032664299,0.007054336733417586,0.1,0m 9s
5,train,1225,0.0002,2.80552265342401,0.0070549842863514714,0.1,0m 9s
5,train,1250,0.0002,2.8058919275283816,0.007053649418801069,0.1,0m 9s
5,train,1267,0.0002,2.8056900655555275,0.007055732116159037,0.1,0m 6s
5,val,25,0.0002,2.8038596291291085,0.0070462315880344606,0.1,0m 6s
5,val,50,0.0002,2.8020073717619853,0.007037054091810773,0.1,0m 5s
5,val,75,0.0002,2.8003939706415784,0.007030522056276481,0.1,0m 5s
5,val,100,0.0002,2.7987931453143933,0.007023636623672002,0.1,0m 6s
5,val,125,0.0002,2.797218322068795,0.00701702421366494,0.1,0m 5s
5,val,150,0.0002,2.795686265996584,0.007009488384219001,0.1,0m 6s
5,val,159,0.0002,2.7950955662787544,0.007006128028957343,0.1,0m 1s
6,train,25,0.0002,2.797485866546631,0.006992221903055906,0.1,0m 10s
6,train,50,0.0002,2.8153142881393434,0.006993736932054162,0.1,0m 9s
6,train,75,0.0002,2.806904354095459,0.007025149011363586,0.1,0m 9s
6,train,100,0.0002,2.8075300455093384,0.0070280631957575675,0.1,0m 9s
6,train,125,0.0002,2.8067169017791747,0.007029250446707011,0.1,0m 9s
6,train,150,0.0002,2.8084466218948365,0.007048382277910908,0.1,0m 9s
6,train,175,0.0002,2.8084899779728483,0.00704202603282673,0.1,0m 9s
6,train,200,0.0002,2.806466199159622,0.0070384524110704665,0.1,0m 9s
6,train,225,0.0002,2.807076930999756,0.007036699271864361,0.1,0m 9s
6,train,250,0.0002,2.80692164516449,0.007035267598927021,0.1,0m 9s
6,train,275,0.0002,2.8054609350724653,0.007025518967685374,0.1,0m 9s
6,train,300,0.0002,2.8050355982780455,0.007022013504368563,0.1,0m 9s
6,train,325,0.0002,2.804603222333468,0.007016748823225498,0.1,0m 9s
6,train,350,0.0002,2.8041341638565065,0.007018819460645318,0.1,0m 9s
6,train,375,0.0002,2.8050694630940756,0.007029808076719443,0.1,0m 9s
6,train,400,0.0002,2.8060101079940796,0.007028629211708904,0.1,0m 9s
6,train,425,0.0002,2.806641830556533,0.007034928849076524,0.1,0m 9s
6,train,450,0.0002,2.806518372429742,0.007032635910436511,0.1,0m 9s
6,train,475,0.0002,2.806168912084479,0.007041147005205092,0.1,0m 9s
6,train,500,0.0002,2.8061299505233763,0.007039434275589883,0.1,0m 9s
6,train,525,0.0002,2.804879623594738,0.007039920027766909,0.1,0m 10s
6,train,550,0.0002,2.8050367082249035,0.007037445829165253,0.1,0m 9s
6,train,575,0.0002,2.8051080977398417,0.0070379152918315455,0.1,0m 9s
6,train,600,0.0002,2.8051455783843995,0.007040266862604767,0.1,0m 9s
6,train,625,0.0002,2.805604669189453,0.00704621761739254,0.1,0m 9s
6,train,650,0.0002,2.805455265045166,0.007048205824998709,0.1,0m 9s
6,train,675,0.0002,2.805327030464455,0.007050196049665963,0.1,0m 9s
6,train,700,0.0002,2.805597517830985,0.0070517409120553305,0.1,0m 9s
6,train,725,0.0002,2.8058774589670117,0.007052519131323387,0.1,0m 9s
6,train,750,0.0002,2.8056373580296836,0.007054736275846759,0.1,0m 9s
6,train,775,0.0002,2.8058133051472325,0.0070541146896298855,0.1,0m 9s
6,train,800,0.0002,2.8060147881507875,0.0070526159118162466,0.1,0m 9s
6,train,825,0.0002,2.8059777612397165,0.007052805825616374,0.1,0m 9s
6,train,850,0.0002,2.8057259054744943,0.007050248926834149,0.1,0m 9s
6,train,875,0.0002,2.805783272606986,0.007050077089773757,0.1,0m 9s
6,train,900,0.0002,2.805763020250532,0.007050305840869744,0.1,0m 9s
6,train,925,0.0002,2.8056502625748916,0.007050865854363183,0.1,0m 9s
6,train,950,0.0002,2.8056130241092885,0.007051798179745674,0.1,0m 9s
6,train,975,0.0002,2.805690050614186,0.00705393347889185,0.1,0m 9s
6,train,1000,0.0002,2.8057597379684447,0.007054415422026068,0.1,0m 9s
6,train,1025,0.0002,2.8056702206774458,0.007053517047315836,0.1,0m 10s
6,train,1050,0.0002,2.805821669442313,0.007054545818162816,0.1,0m 9s
6,train,1075,0.0002,2.80585650643637,0.007057242704945248,0.1,0m 9s
6,train,1100,0.0002,2.8055927569215946,0.007056820804507218,0.1,0m 9s
6,train,1125,0.0002,2.8055615893469916,0.007053592639664809,0.1,0m 9s
6,train,1150,0.0002,2.8056544308040454,0.007053719806768324,0.1,0m 9s
6,train,1175,0.0002,2.8054253137872576,0.007052376036869085,0.1,0m 9s
6,train,1200,0.0002,2.8053935766220093,0.00705135239715067,0.1,0m 9s
6,train,1225,0.0002,2.805219430534207,0.0070516968336032364,0.1,0m 9s
6,train,1250,0.0002,2.8049274393081665,0.007053960892930627,0.1,0m 9s
6,train,1267,0.0002,2.8049068243934494,0.00705518884600479,0.1,0m 6s
6,val,25,0.0002,2.803932738008883,0.00704571665891795,0.1,0m 6s
6,val,50,0.0002,2.8028286403114357,0.007033968467375684,0.1,0m 6s
6,val,75,0.0002,2.801913794746342,0.007024965829170141,0.1,0m 5s
6,val,100,0.0002,2.800953031371088,0.007015437526449877,0.1,0m 5s
6,val,125,0.0002,2.80008800019478,0.007007454286112675,0.1,0m 5s
6,val,150,0.0002,2.799199150074681,0.006999009413396231,0.1,0m 6s
6,val,159,0.0002,2.7988375502247966,0.00699586811740615,0.1,0m 2s
7,train,25,0.0002,2.802831039428711,0.007026530969887972,0.1,0m 10s
7,train,50,0.0002,2.808096842765808,0.006971976468339563,0.1,0m 9s
7,train,75,0.0002,2.8059327189127603,0.007023246306926012,0.1,0m 9s
7,train,100,0.0002,2.807020378112793,0.0070325442776083946,0.1,0m 9s
7,train,125,0.0002,2.8051417770385743,0.007032908353954553,0.1,0m 9s
7,train,150,0.0002,2.8060954936345417,0.007042586632693807,0.1,0m 9s
7,train,175,0.0002,2.8082430349077496,0.007051908597350121,0.1,0m 9s
7,train,200,0.0002,2.8082476365566253,0.0070468573085963725,0.1,0m 9s
7,train,225,0.0002,2.8085693221622043,0.007041825590034326,0.1,0m 9s
7,train,250,0.0002,2.808382019042969,0.007047364711761475,0.1,0m 9s
7,train,275,0.0002,2.8076532285863705,0.007041480556469072,0.1,0m 9s
7,train,300,0.0002,2.8079368487993874,0.007041626448432605,0.1,0m 9s
7,train,325,0.0002,2.807645387649536,0.007046950228798848,0.1,0m 9s
7,train,350,0.0002,2.8078400748116628,0.007050475032467927,0.1,0m 9s
7,train,375,0.0002,2.80641232363383,0.007046429737160603,0.1,0m 9s
7,train,400,0.0002,2.8062661451101305,0.0070427544147241864,0.1,0m 9s
7,train,425,0.0002,2.8058585509131935,0.00704178481198409,0.1,0m 9s
7,train,450,0.0002,2.805837984614902,0.007041083920954002,0.1,0m 9s
7,train,475,0.0002,2.8058241583171646,0.007043068232504945,0.1,0m 9s
7,train,500,0.0002,2.805360586643219,0.007044358406215906,0.1,0m 9s
7,train,525,0.0002,2.8055222851889474,0.007051079256371373,0.1,0m 10s
7,train,550,0.0002,2.804765462441878,0.007046125005422668,0.1,0m 9s
7,train,575,0.0002,2.803980840600055,0.007043825875481834,0.1,0m 9s
7,train,600,0.0002,2.804521321058273,0.007049057351735731,0.1,0m 9s
7,train,625,0.0002,2.8037783325195313,0.007049821065366268,0.1,0m 9s
7,train,650,0.0002,2.8033901559389554,0.007047326647175046,0.1,0m 9s
7,train,675,0.0002,2.802869614848384,0.007046502235311049,0.1,0m 9s
7,train,700,0.0002,2.802659544604165,0.007044883886618274,0.1,0m 9s
7,train,725,0.0002,2.801818890736021,0.00704169312042409,0.1,0m 9s
7,train,750,0.0002,2.8019592866897582,0.007037836612512668,0.1,0m 9s
7,train,775,0.0002,2.8022514992375527,0.007032926777197469,0.1,0m 9s
7,train,800,0.0002,2.802159329354763,0.0070378875971073285,0.1,0m 9s
7,train,825,0.0002,2.802421326781764,0.007038334499705922,0.1,0m 9s
7,train,850,0.0002,2.8027690430248486,0.007036021209924537,0.1,0m 9s
7,train,875,0.0002,2.8024944994790215,0.007034626521702323,0.1,0m 9s
7,train,900,0.0002,2.802542756398519,0.007034902773900993,0.1,0m 9s
7,train,925,0.0002,2.802223625698605,0.007033910375793238,0.1,0m 9s
7,train,950,0.0002,2.8021539535020525,0.007032727329060435,0.1,0m 9s
7,train,975,0.0002,2.8016606898185534,0.007032739446999935,0.1,0m 9s
7,train,1000,0.0002,2.8017978112697604,0.007034372303634882,0.1,0m 9s
7,train,1025,0.0002,2.801968634303023,0.00703700109634821,0.1,0m 10s
7,train,1050,0.0002,2.801804552532378,0.007038162757775613,0.1,0m 9s
7,train,1075,0.0002,2.8018056048903355,0.007039693152575298,0.1,0m 9s
7,train,1100,0.0002,2.801759371107275,0.007037225184030831,0.1,0m 9s
7,train,1125,0.0002,2.801705378426446,0.007038088202890423,0.1,0m 9s
7,train,1150,0.0002,2.8017414335582567,0.007042316327924313,0.1,0m 9s
7,train,1175,0.0002,2.8014998715989132,0.007043094149136797,0.1,0m 9s
7,train,1200,0.0002,2.8015840886036556,0.007042721616647517,0.1,0m 9s
7,train,1225,0.0002,2.8014512564211476,0.007044528688931344,0.1,0m 9s
7,train,1250,0.0002,2.8015736656188963,0.007044345546886325,0.1,0m 9s
7,train,1267,0.0002,2.801525921923209,0.007044422418914071,0.1,0m 6s
7,val,25,0.0002,2.8003523233505225,0.007037385491922428,0.1,0m 6s
7,val,50,0.0002,2.7991598289666433,0.007029011024935801,0.1,0m 6s
7,val,75,0.0002,2.797911500611,0.007021355619320949,0.1,0m 5s
7,val,100,0.0002,2.796724249345156,0.007013749506327255,0.1,0m 6s
7,val,125,0.0002,2.7955716365370256,0.007005059623611748,0.1,0m 5s
7,val,150,0.0002,2.794562573994897,0.006999155672447166,0.1,0m 6s
7,val,159,0.0002,2.794298676086843,0.006998218428134542,0.1,0m 2s
8,train,25,0.0002,2.7840499877929688,0.0070404626615345476,0.1,0m 10s
8,train,50,0.0002,2.7905365324020384,0.007029094314202666,0.1,0m 9s
8,train,75,0.0002,2.792925863265991,0.007023323712249597,0.1,0m 9s
8,train,100,0.0002,2.7947009682655333,0.0070225924113765355,0.1,0m 9s
8,train,125,0.0002,2.7966997909545896,0.007034785959869623,0.1,0m 9s
8,train,150,0.0002,2.7948494418462118,0.007037375985334317,0.1,0m 9s
8,train,175,0.0002,2.795004687990461,0.007031202616968325,0.1,0m 9s
8,train,200,0.0002,2.79637219786644,0.0070195052772760395,0.1,0m 9s
8,train,225,0.0002,2.7973369471232097,0.00702116501207153,0.1,0m 9s
8,train,250,0.0002,2.799577754020691,0.007028533097356558,0.1,0m 9s
8,train,275,0.0002,2.799309710589322,0.007031078137118708,0.1,0m 9s
8,train,300,0.0002,2.7990353743235272,0.0070358234349017345,0.1,0m 9s
8,train,325,0.0002,2.800592515651996,0.007033717596473602,0.1,0m 9s
8,train,350,0.0002,2.799675462586539,0.007030518557876349,0.1,0m 9s
8,train,375,0.0002,2.7992919114430745,0.0070233950006465115,0.1,0m 9s
8,train,400,0.0002,2.7997550493478776,0.007024869883898646,0.1,0m 9s
8,train,425,0.0002,2.7998084040249096,0.007024392872391378,0.1,0m 9s
8,train,450,0.0002,2.7993952645195854,0.0070224561562968624,0.1,0m 9s
8,train,475,0.0002,2.799985907203273,0.007029115007700104,0.1,0m 9s
8,train,500,0.0002,2.799838059902191,0.007028521268628538,0.1,0m 9s
8,train,525,0.0002,2.7993493997483028,0.007026465302776723,0.1,0m 10s
8,train,550,0.0002,2.798982709537853,0.007026523365215822,0.1,0m 9s
8,train,575,0.0002,2.799220377465953,0.007031543935932543,0.1,0m 9s
8,train,600,0.0002,2.7990557134151457,0.007032710122875869,0.1,0m 9s
8,train,625,0.0002,2.798953885269165,0.007034265866875648,0.1,0m 9s
8,train,650,0.0002,2.7982122982465305,0.007034300834370347,0.1,0m 9s
8,train,675,0.0002,2.7992031019705315,0.007038133380313714,0.1,0m 9s
8,train,700,0.0002,2.7988403957230705,0.007037331612248506,0.1,0m 9s
8,train,725,0.0002,2.799247755839907,0.007039700571832986,0.1,0m 9s
8,train,750,0.0002,2.7993400789896645,0.007041813739885886,0.1,0m 9s
8,train,775,0.0002,2.799262814675608,0.00704202686466517,0.1,0m 9s
8,train,800,0.0002,2.799358740746975,0.0070418348885141315,0.1,0m 9s
8,train,825,0.0002,2.799402559742783,0.007040276806801558,0.1,0m 9s
8,train,850,0.0002,2.7995617956273695,0.00704147082150859,0.1,0m 9s
8,train,875,0.0002,2.799592081342425,0.0070414501237017766,0.1,0m 9s
8,train,900,0.0002,2.7994915363523694,0.007039494194193847,0.1,0m 9s
8,train,925,0.0002,2.799143142957945,0.007040270895168588,0.1,0m 9s
8,train,950,0.0002,2.7996426020170513,0.007041824054659197,0.1,0m 9s
8,train,975,0.0002,2.7992062028249105,0.007039826776450261,0.1,0m 9s
8,train,1000,0.0002,2.7992514855861663,0.0070412401198409495,0.1,0m 9s
8,train,1025,0.0002,2.79923065860097,0.007041659402865462,0.1,0m 10s
8,train,1050,0.0002,2.7994574553625924,0.007042740268987559,0.1,0m 9s
8,train,1075,0.0002,2.799741667148679,0.00704356828531207,0.1,0m 9s
8,train,1100,0.0002,2.800194407159632,0.007043546334925023,0.1,0m 9s
8,train,1125,0.0002,2.8000600401560467,0.007044452601008945,0.1,0m 9s
8,train,1150,0.0002,2.8001918790651406,0.007043180426015802,0.1,0m 9s
8,train,1175,0.0002,2.8002807241805057,0.007043244056799945,0.1,0m 9s
8,train,1200,0.0002,2.8002088856697083,0.0070434239025538165,0.1,0m 9s
8,train,1225,0.0002,2.7999768253248565,0.007042971431296699,0.1,0m 9s
8,train,1250,0.0002,2.7998582794189453,0.007044730881601572,0.1,0m 9s
8,train,1267,0.0002,2.7998280739727788,0.007045330567213383,0.1,0m 6s
8,val,25,0.0002,2.798072071820959,0.007037258929365398,0.1,0m 6s
8,val,50,0.0002,2.796392240574981,0.007029733641798648,0.1,0m 5s
8,val,75,0.0002,2.7947662132507642,0.007024407170951677,0.1,0m 5s
8,val,100,0.0002,2.793191260810132,0.007017691022203452,0.1,0m 5s
8,val,125,0.0002,2.7916373872551423,0.007010120864028925,0.1,0m 5s
8,val,150,0.0002,2.7901673889025553,0.007003913906941174,0.1,0m 5s
8,val,159,0.0002,2.7897815771223287,0.007002354674968675,0.1,0m 2s
9,train,25,0.0002,2.785474910736084,0.006935410406440496,0.1,0m 10s
9,train,50,0.0002,2.7909232234954833,0.006950788106769324,0.1,0m 9s
9,train,75,0.0002,2.7943968709309894,0.006955688862750928,0.1,0m 9s
9,train,100,0.0002,2.7894270420074463,0.0069749454036355015,0.1,0m 9s
9,train,125,0.0002,2.7887258625030515,0.006995154559612274,0.1,0m 9s
9,train,150,0.0002,2.790358476638794,0.006989406074086825,0.1,0m 9s
9,train,175,0.0002,2.791568874631609,0.007001562733203173,0.1,0m 9s
9,train,200,0.0002,2.793836146593094,0.007018421536777168,0.1,0m 9s
9,train,225,0.0002,2.7932725450727673,0.007009941627167993,0.1,0m 9s
9,train,250,0.0002,2.793113305091858,0.007013053366914391,0.1,0m 9s
9,train,275,0.0002,2.7939031939073042,0.007011647998270663,0.1,0m 9s
9,train,300,0.0002,2.795891371568044,0.0070073312583069005,0.1,0m 9s
9,train,325,0.0002,2.796001003705538,0.007009018868781053,0.1,0m 9s
9,train,350,0.0002,2.79589674949646,0.007013106923550367,0.1,0m 9s
9,train,375,0.0002,2.7957110068003335,0.007015582572668791,0.1,0m 9s
9,train,400,0.0002,2.795416437983513,0.007015672808047384,0.1,0m 9s
9,train,425,0.0002,2.7953649722828584,0.007010903380372945,0.1,0m 9s
9,train,450,0.0002,2.7958565844429866,0.007010524251187841,0.1,0m 9s
9,train,475,0.0002,2.7961264103337338,0.007010116581069796,0.1,0m 9s
9,train,500,0.0002,2.79504053401947,0.007009748284704983,0.1,0m 9s
9,train,525,0.0002,2.795789513815017,0.007014219080585809,0.1,0m 10s
9,train,550,0.0002,2.795613082105463,0.0070150622132826934,0.1,0m 9s
9,train,575,0.0002,2.795813167820806,0.007017748998073132,0.1,0m 9s
9,train,600,0.0002,2.795721006393433,0.007014939787331968,0.1,0m 9s
9,train,625,0.0002,2.795798642349243,0.00701580211892724,0.1,0m 9s
9,train,650,0.0002,2.7955634274849523,0.007013657366713652,0.1,0m 9s
9,train,675,0.0002,2.7959949295609086,0.0070182098689730524,0.1,0m 9s
9,train,700,0.0002,2.7963056850433348,0.00701997784831162,0.1,0m 9s
9,train,725,0.0002,2.796039337947451,0.007021448946204678,0.1,0m 9s
9,train,750,0.0002,2.796406137466431,0.0070198954412092765,0.1,0m 9s
9,train,775,0.0002,2.796593184009675,0.007019435988078194,0.1,0m 9s
9,train,800,0.0002,2.796335188150406,0.007020646309829317,0.1,0m 9s
9,train,825,0.0002,2.7967741229317404,0.007023071147162806,0.1,0m 9s
9,train,850,0.0002,2.796913205315085,0.0070254150882144185,0.1,0m 9s
9,train,875,0.0002,2.796789124080113,0.007025409534573555,0.1,0m 9s
9,train,900,0.0002,2.7970474926630655,0.007025911564317843,0.1,0m 9s
9,train,925,0.0002,2.7974725205189475,0.007026583682242278,0.1,0m 9s
9,train,950,0.0002,2.797410383726421,0.007030697126725787,0.1,0m 9s
9,train,975,0.0002,2.7970891390091333,0.007030752002237699,0.1,0m 9s
9,train,1000,0.0002,2.797444004535675,0.007030319898854941,0.1,0m 9s
9,train,1025,0.0002,2.7975159228720314,0.007030325156250378,0.1,0m 10s
9,train,1050,0.0002,2.797417026247297,0.0070310151412905685,0.1,0m 9s
9,train,1075,0.0002,2.7974974006830258,0.007031473046558541,0.1,0m 9s
9,train,1100,0.0002,2.7975955759395252,0.007032126254740764,0.1,0m 9s
9,train,1125,0.0002,2.797517041736179,0.007030002964039644,0.1,0m 9s
9,train,1150,0.0002,2.797572253268698,0.007032491936469856,0.1,0m 9s
9,train,1175,0.0002,2.797529156461675,0.007034011768533828,0.1,0m 9s
9,train,1200,0.0002,2.7973274304469427,0.007034474741667509,0.1,0m 9s
9,train,1225,0.0002,2.7973440253977873,0.0070359945312446475,0.1,0m 9s
9,train,1250,0.0002,2.7977510623931883,0.007036731518805027,0.1,0m 9s
9,train,1267,0.0002,2.7978711687116617,0.007039921416665098,0.1,0m 6s
9,val,25,0.0002,2.7963944310005235,0.007032556231883311,0.1,0m 6s
9,val,50,0.0002,2.7949967802521307,0.007024503098383557,0.1,0m 5s
9,val,75,0.0002,2.7935419134162753,0.007016070593070744,0.1,0m 5s
9,val,100,0.0002,2.7922930009363336,0.0070098928099562195,0.1,0m 5s
9,val,125,0.0002,2.7908734014664573,0.007001424329047595,0.1,0m 6s
9,val,150,0.0002,2.7896273800749634,0.0069951360418225314,0.1,0m 5s
9,val,159,0.0002,2.789140424086369,0.006992577772710321,0.1,0m 2s
10,train,25,0.0002,2.8129820156097414,0.007235875427722931,0.1,0m 10s
10,train,50,0.0002,2.8075522899627687,0.0071503246761858465,0.1,0m 9s
10,train,75,0.0002,2.8042115720113117,0.007129826694726944,0.1,0m 9s
10,train,100,0.0002,2.802586874961853,0.007108605443499982,0.1,0m 9s
10,train,125,0.0002,2.802394298553467,0.007087033949792385,0.1,0m 9s
10,train,150,0.0002,2.801916575431824,0.007088903763021032,0.1,0m 9s
10,train,175,0.0002,2.800304945537022,0.007066916011806045,0.1,0m 9s
10,train,200,0.0002,2.799663693904877,0.00705921042477712,0.1,0m 9s
10,train,225,0.0002,2.7987067487504746,0.007041465503474077,0.1,0m 9s
10,train,250,0.0002,2.797958608627319,0.007054259963333607,0.1,0m 9s
10,train,275,0.0002,2.798508898995139,0.00704899719662287,0.1,0m 9s
10,train,300,0.0002,2.7995922764142356,0.00704393004377683,0.1,0m 9s
10,train,325,0.0002,2.7994999760847827,0.007038283226295159,0.1,0m 9s
10,train,350,0.0002,2.79794360773904,0.007030523423371571,0.1,0m 9s
10,train,375,0.0002,2.797362631479899,0.0070290724697212375,0.1,0m 9s
10,train,400,0.0002,2.7963234746456145,0.007024780311621725,0.1,0m 9s
10,train,425,0.0002,2.7959848375881418,0.007025782062726862,0.1,0m 9s
10,train,450,0.0002,2.796074652671814,0.007024851640065511,0.1,0m 9s
10,train,475,0.0002,2.796221924330059,0.007027587466137974,0.1,0m 9s
10,train,500,0.0002,2.7964257535934447,0.007028341961093247,0.1,0m 9s
10,train,525,0.0002,2.796818324497768,0.007033793166102398,0.1,0m 10s
10,train,550,0.0002,2.7972219358791004,0.0070397997452792795,0.1,0m 9s
10,train,575,0.0002,2.797821939302527,0.007041938470109649,0.1,0m 9s
10,train,600,0.0002,2.7979982789357503,0.007042909027853359,0.1,0m 9s
10,train,625,0.0002,2.7981533260345457,0.007048875134438276,0.1,0m 9s
10,train,650,0.0002,2.798507664020245,0.0070457717289145174,0.1,0m 9s
10,train,675,0.0002,2.7982658806553595,0.007042641035384602,0.1,0m 9s
10,train,700,0.0002,2.797438483578818,0.007038709375608181,0.1,0m 9s
10,train,725,0.0002,2.797021491938624,0.00704011720123476,0.1,0m 9s
10,train,750,0.0002,2.7972678559621174,0.007040291619176666,0.1,0m 9s
10,train,775,0.0002,2.797404707631757,0.007039788025281122,0.1,0m 9s
10,train,800,0.0002,2.7969581151008605,0.007042453907197341,0.1,0m 9s
10,train,825,0.0002,2.7974320192048046,0.0070415291212724915,0.1,0m 9s
10,train,850,0.0002,2.797079639154322,0.007041493194068179,0.1,0m 9s
10,train,875,0.0002,2.7966827798570906,0.007038984523287841,0.1,0m 9s
10,train,900,0.0002,2.7966917684343127,0.007038197005167604,0.1,0m 9s
10,train,925,0.0002,2.796983174246711,0.0070371283716648015,0.1,0m 9s
10,train,950,0.0002,2.7970254983400045,0.00703858402606688,0.1,0m 9s
10,train,975,0.0002,2.7970609977917795,0.007038030166847583,0.1,0m 9s
10,train,1000,0.0002,2.7970921568870546,0.0070397709361277525,0.1,0m 9s
10,train,1025,0.0002,2.796741303932376,0.007041442227072832,0.1,0m 10s
10,train,1050,0.0002,2.796492542312259,0.007040612431509154,0.1,0m 10s
10,train,1075,0.0002,2.796759276722753,0.0070408966660846116,0.1,0m 10s
10,train,1100,0.0002,2.7964687384258617,0.007040804268538274,0.1,0m 10s
10,train,1125,0.0002,2.7966142762502035,0.007041206493559811,0.1,0m 10s
10,train,1150,0.0002,2.796655672322149,0.007039538576551106,0.1,0m 10s
10,train,1175,0.0002,2.796416773897536,0.007038759114815199,0.1,0m 9s
10,train,1200,0.0002,2.796582634647687,0.007039028496559088,0.1,0m 9s
10,train,1225,0.0002,2.796732586062684,0.007039794751576015,0.1,0m 10s
10,train,1250,0.0002,2.7964916313171386,0.007040704845637083,0.1,0m 10s
10,train,1267,0.0002,2.796519720940112,0.007038528530401984,0.1,0m 6s
10,val,25,0.0002,2.7955355694050392,0.00703055481029957,0.1,0m 6s
10,val,50,0.0002,2.7945330653483884,0.007021242200029942,0.1,0m 5s
10,val,75,0.0002,2.7935521510247856,0.0070128076666086114,0.1,0m 6s
10,val,100,0.0002,2.7927006529296676,0.007006515765149792,0.1,0m 5s
10,val,125,0.0002,2.791730965862329,0.006999030621286118,0.1,0m 6s
10,val,150,0.0002,2.7908293502635324,0.006990975828811095,0.1,0m 5s
10,val,159,0.0002,2.790500570313292,0.00698789693924584,0.1,0m 2s
11,train,25,0.0002,2.7846076583862303,0.0070370004326105115,0.1,0m 10s
11,train,50,0.0002,2.7894191694259645,0.007044143360108137,0.1,0m 9s
11,train,75,0.0002,2.793952891031901,0.007041638866066933,0.1,0m 10s
11,train,100,0.0002,2.796038475036621,0.007026180955581367,0.1,0m 9s
11,train,125,0.0002,2.7962935829162596,0.007030134797096252,0.1,0m 9s
11,train,150,0.0002,2.793843337694804,0.007012246729185184,0.1,0m 9s
11,train,175,0.0002,2.7940218312399727,0.007018270269036293,0.1,0m 10s
11,train,200,0.0002,2.795035868883133,0.007031636571045965,0.1,0m 10s
11,train,225,0.0002,2.7953706794314916,0.007038432481802172,0.1,0m 10s
11,train,250,0.0002,2.794831566810608,0.007044457940384745,0.1,0m 10s
11,train,275,0.0002,2.7954745838858863,0.0070382590558041224,0.1,0m 9s
11,train,300,0.0002,2.794059563477834,0.007032626322470605,0.1,0m 10s
11,train,325,0.0002,2.794532874914316,0.007037443724962381,0.1,0m 10s
11,train,350,0.0002,2.7945200981412617,0.007039124308420079,0.1,0m 10s
11,train,375,0.0002,2.79575936126709,0.007040506113320589,0.1,0m 9s
11,train,400,0.0002,2.7959805232286454,0.007046080540167168,0.1,0m 10s
11,train,425,0.0002,2.796357573340921,0.007052119901294217,0.1,0m 10s
11,train,450,0.0002,2.796401072078281,0.007044808152649138,0.1,0m 10s
11,train,475,0.0002,2.797218929591932,0.007046399172395468,0.1,0m 10s
11,train,500,0.0002,2.7968571434020997,0.007044652916491032,0.1,0m 10s
11,train,525,0.0002,2.7975566214606875,0.007045031315868809,0.1,0m 10s
11,train,550,0.0002,2.797333734252236,0.007045943847095425,0.1,0m 10s
11,train,575,0.0002,2.796915298959483,0.007041649059594974,0.1,0m 10s
11,train,600,0.0002,2.7970245575904844,0.0070409148349426685,0.1,0m 9s
11,train,625,0.0002,2.7969397705078123,0.007041755268722773,0.1,0m 10s
11,train,650,0.0002,2.7971101467426007,0.007040982871101453,0.1,0m 10s
11,train,675,0.0002,2.7962696329752603,0.007040237606399589,0.1,0m 10s
11,train,700,0.0002,2.7964840650558473,0.007039652708252626,0.1,0m 10s
11,train,725,0.0002,2.796197318044202,0.007035818028038945,0.1,0m 10s
11,train,750,0.0002,2.796434638341268,0.007033447795237104,0.1,0m 10s
11,train,775,0.0002,2.7961780717295985,0.007034857627605238,0.1,0m 10s
11,train,800,0.0002,2.796579824388027,0.0070362495217705144,0.1,0m 9s
11,train,825,0.0002,2.797077139074152,0.007032809834362883,0.1,0m 10s
11,train,850,0.0002,2.796914598240572,0.007033489893793183,0.1,0m 10s
11,train,875,0.0002,2.7969264365604944,0.007034273553107466,0.1,0m 10s
11,train,900,0.0002,2.7971778294775222,0.007032182187669807,0.1,0m 10s
11,train,925,0.0002,2.7973098664670375,0.007032972269162939,0.1,0m 9s
11,train,950,0.0002,2.7972338952516256,0.007030524948709889,0.1,0m 9s
11,train,975,0.0002,2.797359003898425,0.007033908057671327,0.1,0m 10s
11,train,1000,0.0002,2.7976981172561644,0.007034607625566423,0.1,0m 10s
11,train,1025,0.0002,2.7973967131172737,0.007033262009300836,0.1,0m 10s
11,train,1050,0.0002,2.7976056446347917,0.007033514495761621,0.1,0m 9s
11,train,1075,0.0002,2.7981661009234053,0.007034268290410901,0.1,0m 10s
11,train,1100,0.0002,2.7984487550908868,0.007036207969385115,0.1,0m 10s
11,train,1125,0.0002,2.7985260365804034,0.007038730675561561,0.1,0m 10s
11,train,1150,0.0002,2.7985001103774363,0.007036769892210546,0.1,0m 10s
11,train,1175,0.0002,2.7982941499669503,0.007036359330758135,0.1,0m 10s
11,train,1200,0.0002,2.798370015223821,0.007038171815996369,0.1,0m 9s
11,train,1225,0.0002,2.798744008979019,0.00703846009980355,0.1,0m 9s
11,train,1250,0.0002,2.7989542850494384,0.007039224297553301,0.1,0m 9s
11,train,1267,0.0002,2.798664292295617,0.007041321205520663,0.1,0m 6s
11,val,25,0.0002,2.7965777239563296,0.007032273627021825,0.1,0m 6s
11,val,50,0.0002,2.794756402187304,0.007023821625188163,0.1,0m 5s
11,val,75,0.0002,2.792879269481949,0.007015191356203173,0.1,0m 5s
11,val,100,0.0002,2.791051105242536,0.007008138550111605,0.1,0m 6s
11,val,125,0.0002,2.7894895294274407,0.0070010684507540374,0.1,0m 5s
11,val,150,0.0002,2.7877928732816146,0.0069920712077678636,0.1,0m 5s
11,val,159,0.0002,2.7872687166904164,0.006991249010512843,0.1,0m 2s
12,train,25,0.0002,2.804189510345459,0.007114161718636752,0.1,0m 10s
12,train,50,0.0002,2.7985216093063356,0.007066232133656741,0.1,0m 9s
12,train,75,0.0002,2.7919809500376385,0.007046388710538546,0.1,0m 9s
12,train,100,0.0002,2.7926491570472716,0.007063163700513542,0.1,0m 10s
12,train,125,0.0002,2.7931089878082274,0.007054739762097597,0.1,0m 10s
12,train,150,0.0002,2.7945573409398397,0.007038046441351374,0.1,0m 10s
12,train,175,0.0002,2.795509433746338,0.007035604507795402,0.1,0m 9s
12,train,200,0.0002,2.796761132478714,0.007038406869396567,0.1,0m 9s
12,train,225,0.0002,2.7972985299428306,0.007027074609779649,0.1,0m 10s
12,train,250,0.0002,2.7958538904190062,0.007019240381196141,0.1,0m 10s
12,train,275,0.0002,2.796034847606312,0.0070217332514849575,0.1,0m 10s
12,train,300,0.0002,2.796177388827006,0.007020709255399804,0.1,0m 9s
12,train,325,0.0002,2.7956753884829006,0.007024166364795886,0.1,0m 10s
12,train,350,0.0002,2.7955547046661375,0.007025090368198497,0.1,0m 10s
12,train,375,0.0002,2.795562885920207,0.007033295416583618,0.1,0m 10s
12,train,400,0.0002,2.796708988547325,0.007032331135123968,0.1,0m 9s
12,train,425,0.0002,2.796897878646851,0.007032360741320779,0.1,0m 10s
12,train,450,0.0002,2.7970447487301295,0.007032431844207976,0.1,0m 10s
12,train,475,0.0002,2.7969801099676834,0.007033035740452377,0.1,0m 10s
12,train,500,0.0002,2.7969819626808166,0.00703073304053396,0.1,0m 9s
12,train,525,0.0002,2.796872341973441,0.0070322987197765285,0.1,0m 10s
12,train,550,0.0002,2.7967003566568547,0.007034831172363324,0.1,0m 9s
12,train,575,0.0002,2.796692580762117,0.007035418141471303,0.1,0m 10s
12,train,600,0.0002,2.7969671912988026,0.007036584974266589,0.1,0m 10s
12,train,625,0.0002,2.796253364944458,0.007034100461006164,0.1,0m 9s
12,train,650,0.0002,2.7957701859107384,0.007033224347262428,0.1,0m 9s
12,train,675,0.0002,2.7954068869131583,0.007030893135815858,0.1,0m 10s
12,train,700,0.0002,2.795235925061362,0.007033510968488242,0.1,0m 10s
12,train,725,0.0002,2.795587395963998,0.007031481020666402,0.1,0m 10s
12,train,750,0.0002,2.7951867173512777,0.007028994722291827,0.1,0m 10s
12,train,775,0.0002,2.795193275943879,0.007030809849140144,0.1,0m 10s
12,train,800,0.0002,2.794868872463703,0.007031531895627267,0.1,0m 10s
12,train,825,0.0002,2.79493421496767,0.007028979873566916,0.1,0m 10s
12,train,850,0.0002,2.7949942973080804,0.007029888749341754,0.1,0m 10s
12,train,875,0.0002,2.795575577054705,0.007033391811485801,0.1,0m 10s
12,train,900,0.0002,2.7957538175582886,0.007033795140580171,0.1,0m 9s
12,train,925,0.0002,2.795996818026981,0.007030515599794484,0.1,0m 9s
12,train,950,0.0002,2.7955291108081215,0.007028480139315912,0.1,0m 10s
12,train,975,0.0002,2.795697098022852,0.007028793281851671,0.1,0m 9s
12,train,1000,0.0002,2.7959882385730745,0.007026148648466915,0.1,0m 9s
12,train,1025,0.0002,2.7960605160782976,0.007026594447017443,0.1,0m 10s
12,train,1050,0.0002,2.7961791851407005,0.007023546552906434,0.1,0m 10s
12,train,1075,0.0002,2.7964235128358355,0.007025219372278729,0.1,0m 9s
12,train,1100,0.0002,2.796383586796847,0.00702666972044178,0.1,0m 10s
12,train,1125,0.0002,2.796665331310696,0.007030357965992557,0.1,0m 9s
12,train,1150,0.0002,2.7968818135883495,0.007029375997979356,0.1,0m 10s
12,train,1175,0.0002,2.7968689449797286,0.007030465270372781,0.1,0m 10s
12,train,1200,0.0002,2.7969742810726164,0.007031721607393896,0.1,0m 10s
12,train,1225,0.0002,2.7968502396953347,0.007031501474581202,0.1,0m 9s
12,train,1250,0.0002,2.7968268037796022,0.007034533528238535,0.1,0m 10s
12,train,1267,0.0002,2.7969829179964014,0.007036709150589044,0.1,0m 6s
12,val,25,0.0002,2.7959315595981136,0.007029483307819041,0.1,0m 6s
12,val,50,0.0002,2.794961899813143,0.007022839834759452,0.1,0m 5s
12,val,75,0.0002,2.7939887867599236,0.007014300545813563,0.1,0m 5s
12,val,100,0.0002,2.793093453904705,0.007007773607579587,0.1,0m 6s
12,val,125,0.0002,2.792131128153582,0.007000098730860299,0.1,0m 5s
12,val,150,0.0002,2.7913141836140807,0.00699353342561673,0.1,0m 5s
12,val,159,0.0002,2.7909538908058265,0.0069909786020482655,0.1,0m 2s
13,train,25,0.0002,2.79182915687561,0.00692299596965313,0.1,0m 10s
13,train,50,0.0002,2.7853926706314085,0.006995022743940354,0.1,0m 10s
13,train,75,0.0002,2.787278407414754,0.0069599337068696815,0.1,0m 10s
13,train,100,0.0002,2.7938136649131775,0.007000240609049797,0.1,0m 9s
13,train,125,0.0002,2.7968456802368165,0.00698621292039752,0.1,0m 10s
13,train,150,0.0002,2.7938092279434206,0.006981901669253905,0.1,0m 10s
13,train,175,0.0002,2.795404540470668,0.006975499665630715,0.1,0m 10s
13,train,200,0.0002,2.7930449295043944,0.006981158787384629,0.1,0m 10s
13,train,225,0.0002,2.7939791584014895,0.00699053280469444,0.1,0m 9s
13,train,250,0.0002,2.7946442270278933,0.0070001358967274425,0.1,0m 10s
13,train,275,0.0002,2.7937808869101786,0.006997606456279754,0.1,0m 10s
13,train,300,0.0002,2.7939099923769635,0.006996068046428263,0.1,0m 10s
13,train,325,0.0002,2.7938084426293006,0.0070065656003470604,0.1,0m 9s
13,train,350,0.0002,2.792781311443874,0.007009148108107703,0.1,0m 10s
13,train,375,0.0002,2.792378095626831,0.007013547924657663,0.1,0m 10s
13,train,400,0.0002,2.792165752053261,0.0070097663789056245,0.1,0m 10s
13,train,425,0.0002,2.7913882934345917,0.007010426755775423,0.1,0m 10s
13,train,450,0.0002,2.791402710278829,0.007011765761093961,0.1,0m 9s
13,train,475,0.0002,2.7918180154499255,0.007012232587133583,0.1,0m 9s
13,train,500,0.0002,2.792230174064636,0.007012141459621489,0.1,0m 10s
13,train,525,0.0002,2.793122468675886,0.0070100047217593305,0.1,0m 10s
13,train,550,0.0002,2.7925854583220047,0.007011522306129336,0.1,0m 9s
13,train,575,0.0002,2.792723610504814,0.0070154469411658205,0.1,0m 9s
13,train,600,0.0002,2.7926604727904003,0.0070129713307445244,0.1,0m 10s
13,train,625,0.0002,2.792823960876465,0.0070100208953022955,0.1,0m 10s
13,train,650,0.0002,2.793112643315242,0.007013657127435391,0.1,0m 10s
13,train,675,0.0002,2.7939696686356155,0.007014893443772086,0.1,0m 9s
13,train,700,0.0002,2.7932013545717513,0.00701661940730576,0.1,0m 9s
13,train,725,0.0002,2.7932440853118896,0.007016904299500687,0.1,0m 10s
13,train,750,0.0002,2.7932562526067097,0.007018187190716466,0.1,0m 10s
13,train,775,0.0002,2.79310819871964,0.007016650267666386,0.1,0m 9s
13,train,800,0.0002,2.793558869063854,0.007016771694761701,0.1,0m 10s
13,train,825,0.0002,2.793130716266054,0.00701539596824935,0.1,0m 9s
13,train,850,0.0002,2.793448480718276,0.007016326441593906,0.1,0m 10s
13,train,875,0.0002,2.7932691312517437,0.007017124505979674,0.1,0m 10s
13,train,900,0.0002,2.793793254693349,0.0070210405237351855,0.1,0m 9s
13,train,925,0.0002,2.7937018822334907,0.007023862616435902,0.1,0m 10s
13,train,950,0.0002,2.794247620733161,0.007022773172510298,0.1,0m 10s
13,train,975,0.0002,2.794202302541488,0.007022355736161653,0.1,0m 10s
13,train,1000,0.0002,2.794181110858917,0.007023782200645656,0.1,0m 9s
13,train,1025,0.0002,2.7944115792251214,0.0070287721972094805,0.1,0m 10s
13,train,1050,0.0002,2.7943173774083454,0.00703075777074056,0.1,0m 10s
13,train,1075,0.0002,2.7944601990455804,0.0070313764450161955,0.1,0m 10s
13,train,1100,0.0002,2.794438176805323,0.007031922938979485,0.1,0m 10s
13,train,1125,0.0002,2.7946637020111083,0.007033139723456568,0.1,0m 10s
13,train,1150,0.0002,2.7947934324845023,0.0070330581299798646,0.1,0m 10s
13,train,1175,0.0002,2.7947337592916286,0.007033683042180665,0.1,0m 10s
13,train,1200,0.0002,2.794962818225225,0.007035430149020006,0.1,0m 10s
13,train,1225,0.0002,2.794746147661793,0.007033010154050224,0.1,0m 10s
13,train,1250,0.0002,2.7947735626220704,0.007035001867264509,0.1,0m 10s
13,train,1267,0.0002,2.7948203594927348,0.007034949598879492,0.1,0m 6s
13,val,25,0.0002,2.7934336162203977,0.00702520687314725,0.1,0m 6s
13,val,50,0.0002,2.7921616515157432,0.007016310762845959,0.1,0m 5s
13,val,75,0.0002,2.7909450610952478,0.007006954147040444,0.1,0m 5s
13,val,100,0.0002,2.7897777384707068,0.00699890648739054,0.1,0m 5s
13,val,125,0.0002,2.7884829395461357,0.006988908713830678,0.1,0m 5s
13,val,150,0.0002,2.787446361574053,0.006979749587955362,0.1,0m 6s
13,val,159,0.0002,2.7871077008869336,0.006977188736291767,0.1,0m 2s
14,train,25,0.0002,2.7840619564056395,0.0070150851644575594,0.1,0m 10s
14,train,50,0.0002,2.7893190145492555,0.00704037425108254,0.1,0m 10s
14,train,75,0.0002,2.787278594970703,0.007040903437882662,0.1,0m 10s
14,train,100,0.0002,2.7893267011642457,0.007056034081615508,0.1,0m 9s
14,train,125,0.0002,2.7884080314636233,0.007040750503540039,0.1,0m 9s
14,train,150,0.0002,2.7879341999689737,0.007051962070787946,0.1,0m 10s
14,train,175,0.0002,2.7882339341299875,0.007059936275971787,0.1,0m 10s
14,train,200,0.0002,2.7893574404716492,0.007047455464489758,0.1,0m 10s
14,train,225,0.0002,2.7889960034688315,0.007048441676629914,0.1,0m 9s
14,train,250,0.0002,2.7905631885528566,0.00703773226775229,0.1,0m 10s
14,train,275,0.0002,2.7895883950320157,0.007042543749240311,0.1,0m 9s
14,train,300,0.0002,2.7909609055519105,0.007027799915522337,0.1,0m 9s
14,train,325,0.0002,2.790727544931265,0.007034998326920546,0.1,0m 9s
14,train,350,0.0002,2.7914852353504727,0.007032588153545346,0.1,0m 9s
14,train,375,0.0002,2.7916643339792886,0.007028584952155749,0.1,0m 9s
14,train,400,0.0002,2.7912304812669753,0.007028408063342794,0.1,0m 10s
14,train,425,0.0002,2.7916357287238625,0.007025673457366579,0.1,0m 10s
14,train,450,0.0002,2.7906379381815594,0.007023518753962384,0.1,0m 9s
14,train,475,0.0002,2.791251957542018,0.007020384593817749,0.1,0m 10s
14,train,500,0.0002,2.7909021401405334,0.007021958685480058,0.1,0m 10s
14,train,525,0.0002,2.790951650710333,0.007021917354847704,0.1,0m 10s
14,train,550,0.0002,2.7913611190969294,0.007025174445218661,0.1,0m 9s
14,train,575,0.0002,2.791543368463931,0.00702559111315919,0.1,0m 10s
14,train,600,0.0002,2.791342468261719,0.007023668293841183,0.1,0m 10s
14,train,625,0.0002,2.7918108379364015,0.007025267895311117,0.1,0m 10s
14,train,650,0.0002,2.7920279832986683,0.007027350244327234,0.1,0m 10s
14,train,675,0.0002,2.792343971464369,0.007028262092973347,0.1,0m 10s
14,train,700,0.0002,2.792843408243997,0.007029599613909211,0.1,0m 10s
14,train,725,0.0002,2.7935240936279295,0.007032944809260039,0.1,0m 10s
14,train,750,0.0002,2.793626070022583,0.007034584042926629,0.1,0m 10s
14,train,775,0.0002,2.793766493335847,0.007034442901250816,0.1,0m 10s
14,train,800,0.0002,2.793692473769188,0.007033469078596682,0.1,0m 10s
14,train,825,0.0002,2.7935039803476043,0.007031798987000277,0.1,0m 10s
14,train,850,0.0002,2.7936525591681987,0.007031269579687539,0.1,0m 10s
14,train,875,0.0002,2.793636265890939,0.007032360630908183,0.1,0m 9s
14,train,900,0.0002,2.7939769983291627,0.00703397190094822,0.1,0m 9s
14,train,925,0.0002,2.7937742400813748,0.007034844433435717,0.1,0m 10s
14,train,950,0.0002,2.7937464573508817,0.007033652214235381,0.1,0m 10s
14,train,975,0.0002,2.7941446465712327,0.007034987590442865,0.1,0m 10s
14,train,1000,0.0002,2.794320179224014,0.007034940793644637,0.1,0m 9s
14,train,1025,0.0002,2.7944650708175285,0.007034295702852854,0.1,0m 10s
14,train,1050,0.0002,2.7941266173408144,0.007033970740047239,0.1,0m 10s
14,train,1075,0.0002,2.7943233108520507,0.007032584498181593,0.1,0m 10s
14,train,1100,0.0002,2.794391172365709,0.007032045102254911,0.1,0m 9s
14,train,1125,0.0002,2.7944740731981064,0.0070331630119019085,0.1,0m 10s
14,train,1150,0.0002,2.7942194472188535,0.007033298436714255,0.1,0m 10s
14,train,1175,0.0002,2.7942866016956085,0.007031583931059279,0.1,0m 10s
14,train,1200,0.0002,2.7941548254092536,0.00703072282175223,0.1,0m 10s
14,train,1225,0.0002,2.793972223242935,0.007029611296115481,0.1,0m 9s
14,train,1250,0.0002,2.7941659517288207,0.007031371096149087,0.1,0m 10s
14,train,1267,0.0002,2.794340339343004,0.007032859023739808,0.1,0m 6s
14,val,25,0.0002,2.7931086644299628,0.007023499588029396,0.1,0m 6s
14,val,50,0.0002,2.7919602022989283,0.007014855106722566,0.1,0m 5s
14,val,75,0.0002,2.7909321676601064,0.007008845909552763,0.1,0m 5s
14,val,100,0.0002,2.7899209891432992,0.007000149627254993,0.1,0m 6s
14,val,125,0.0002,2.788774790948835,0.006991086810045801,0.1,0m 5s
14,val,150,0.0002,2.7878653870221166,0.006984811980440298,0.1,0m 5s
14,val,159,0.0002,2.7875081989574566,0.006982438285870355,0.1,0m 2s
15,train,25,0.0002,2.7941934871673584,0.007102108262479305,0.1,0m 10s
15,train,50,0.0002,2.7946068334579466,0.007059296229854226,0.1,0m 10s
15,train,75,0.0002,2.7970645650227866,0.007074264511466026,0.1,0m 10s
15,train,100,0.0002,2.7941940236091614,0.007056960077024996,0.1,0m 9s
15,train,125,0.0002,2.7969235515594484,0.00706836111471057,0.1,0m 10s
15,train,150,0.0002,2.7959360758463543,0.007050686267515024,0.1,0m 10s
15,train,175,0.0002,2.7949456201280864,0.007046225454126085,0.1,0m 10s
15,train,200,0.0002,2.7934099757671356,0.007038701470009983,0.1,0m 9s
15,train,225,0.0002,2.7920934380425346,0.00704338549118903,0.1,0m 10s
15,train,250,0.0002,2.7932213678359985,0.007044665159657597,0.1,0m 10s
15,train,275,0.0002,2.7931462652033026,0.007043226515366273,0.1,0m 10s
15,train,300,0.0002,2.7937426670392354,0.007041085502132774,0.1,0m 10s
15,train,325,0.0002,2.7940075947688174,0.007043703601050835,0.1,0m 9s
15,train,350,0.0002,2.7928794881275723,0.007038440122934324,0.1,0m 9s
15,train,375,0.0002,2.7930945987701414,0.007039235873768727,0.1,0m 10s
15,train,400,0.0002,2.7928693133592604,0.007038426641374826,0.1,0m 10s
15,train,425,0.0002,2.792712469100952,0.007033688417252372,0.1,0m 10s
15,train,450,0.0002,2.7931980323791503,0.007031094513626562,0.1,0m 10s
15,train,475,0.0002,2.7929136687830876,0.007030319504831966,0.1,0m 10s
15,train,500,0.0002,2.793066614627838,0.007029470860958099,0.1,0m 10s
15,train,525,0.0002,2.792562720889137,0.007026911239538874,0.1,0m 10s
15,train,550,0.0002,2.792304047237743,0.007028784502974965,0.1,0m 9s
15,train,575,0.0002,2.792848067490951,0.007031123282630806,0.1,0m 10s
15,train,600,0.0002,2.7934351722399393,0.0070302089179555575,0.1,0m 9s
15,train,625,0.0002,2.7940078380584716,0.00703044084534049,0.1,0m 9s
15,train,650,0.0002,2.794146480193505,0.00702877351297782,0.1,0m 10s
15,train,675,0.0002,2.793531373341878,0.007028234188479406,0.1,0m 10s
15,train,700,0.0002,2.7933154817989894,0.007029525384173862,0.1,0m 10s
15,train,725,0.0002,2.793325780671218,0.007029721643775701,0.1,0m 10s
15,train,750,0.0002,2.793650855700175,0.007033322728549441,0.1,0m 10s
15,train,775,0.0002,2.793496909910633,0.00703347519100193,0.1,0m 10s
15,train,800,0.0002,2.7929371491074564,0.007033919240348041,0.1,0m 10s
15,train,825,0.0002,2.7933149759697193,0.007038240656256676,0.1,0m 10s
15,train,850,0.0002,2.793244736615349,0.00703809565590585,0.1,0m 9s
15,train,875,0.0002,2.7931683559417726,0.007039074978658131,0.1,0m 9s
15,train,900,0.0002,2.7934649788008796,0.007039123835145599,0.1,0m 10s
15,train,925,0.0002,2.7931483379570214,0.007037525181532712,0.1,0m 9s
15,train,950,0.0002,2.7928157003302325,0.007036502943129131,0.1,0m 9s
15,train,975,0.0002,2.7926067071083263,0.007036245335371066,0.1,0m 10s
15,train,1000,0.0002,2.7924305026531218,0.007037650608457625,0.1,0m 9s
15,train,1025,0.0002,2.7921837213562757,0.007035189246440806,0.1,0m 10s
15,train,1050,0.0002,2.7922327239172797,0.007034264569658609,0.1,0m 10s
15,train,1075,0.0002,2.792617298614147,0.0070369148605264895,0.1,0m 9s
15,train,1100,0.0002,2.7929259941794657,0.007037090283225883,0.1,0m 9s
15,train,1125,0.0002,2.7932385103437634,0.0070345198238889375,0.1,0m 9s
15,train,1150,0.0002,2.79311487612517,0.007034923058489095,0.1,0m 10s
15,train,1175,0.0002,2.793030177583086,0.0070345034398772615,0.1,0m 10s
15,train,1200,0.0002,2.7927936720848083,0.0070315854177655035,0.1,0m 10s
15,train,1225,0.0002,2.792733765816202,0.007031415232970398,0.1,0m 9s
15,train,1250,0.0002,2.7925997549057007,0.0070318498570472,0.1,0m 10s
15,train,1267,0.0002,2.792648426641511,0.007033646530482768,0.1,0m 6s
15,val,25,0.0002,2.7912108093592405,0.007024204141846728,0.1,0m 6s
15,val,50,0.0002,2.789861671111759,0.00701740267668867,0.1,0m 5s
15,val,75,0.0002,2.788526766168734,0.007008812531146003,0.1,0m 6s
15,val,100,0.0002,2.78729886143593,0.007000339973374558,0.1,0m 5s
15,val,125,0.0002,2.7860962803336395,0.006994378361610118,0.1,0m 5s
15,val,150,0.0002,2.784823216093032,0.006986291975574272,0.1,0m 5s
15,val,159,0.0002,2.7843991750420227,0.006983563601435129,0.1,0m 2s
16,train,25,0.0002,2.7818022632598876,0.007059641536325216,0.1,0m 10s
16,train,50,0.0002,2.7831991577148436,0.007007108870893717,0.1,0m 9s
16,train,75,0.0002,2.781041078567505,0.006957181890805562,0.1,0m 9s
16,train,100,0.0002,2.779854462146759,0.006996703227050602,0.1,0m 10s
16,train,125,0.0002,2.7823332862854,0.007014644380658865,0.1,0m 10s
16,train,150,0.0002,2.7832080539067587,0.007005597682048877,0.1,0m 9s
16,train,175,0.0002,2.7857141739981515,0.00701286027740155,0.1,0m 9s
16,train,200,0.0002,2.786858706474304,0.0070119667262770234,0.1,0m 9s
16,train,225,0.0002,2.7870377688937715,0.007013090646101369,0.1,0m 10s
16,train,250,0.0002,2.7887771034240725,0.0070096478033810855,0.1,0m 10s
16,train,275,0.0002,2.78993030981584,0.007013219440863891,0.1,0m 10s
16,train,300,0.0002,2.7899624888102212,0.007014199610178669,0.1,0m 9s
16,train,325,0.0002,2.7916779642838696,0.007018123665967813,0.1,0m 10s
16,train,350,0.0002,2.791887346676418,0.007018859736355288,0.1,0m 10s
16,train,375,0.0002,2.7926156222025553,0.007018557216972113,0.1,0m 10s
16,train,400,0.0002,2.792250881195068,0.00702182532986626,0.1,0m 10s
16,train,425,0.0002,2.792462106592515,0.007022129527347929,0.1,0m 9s
16,train,450,0.0002,2.7919805012808907,0.00702066081472569,0.1,0m 9s
16,train,475,0.0002,2.7920844439456336,0.007017784422557605,0.1,0m 10s
16,train,500,0.0002,2.792678258895874,0.0070179425338283185,0.1,0m 10s
16,train,525,0.0002,2.7925754129318965,0.0070164698291392555,0.1,0m 10s
16,train,550,0.0002,2.792406177520752,0.007018326139924201,0.1,0m 10s
16,train,575,0.0002,2.7918222547614056,0.0070226432812278685,0.1,0m 9s
16,train,600,0.0002,2.7922815306981406,0.007024563146599879,0.1,0m 10s
16,train,625,0.0002,2.79226503944397,0.007023430542647839,0.1,0m 10s
16,train,650,0.0002,2.792126696293171,0.007022954375984577,0.1,0m 10s
16,train,675,0.0002,2.791946263136687,0.007024868628079141,0.1,0m 10s
16,train,700,0.0002,2.7918347712925504,0.007021731152199209,0.1,0m 10s
16,train,725,0.0002,2.791753309841814,0.007022124030466737,0.1,0m 9s
16,train,750,0.0002,2.7921387678782144,0.00702079546948274,0.1,0m 10s
16,train,775,0.0002,2.791957222107918,0.007020027952328805,0.1,0m 9s
16,train,800,0.0002,2.7917689886689185,0.007017559083760716,0.1,0m 10s
16,train,825,0.0002,2.7920216597932757,0.007018050137681492,0.1,0m 10s
16,train,850,0.0002,2.792004129746381,0.007017709927304702,0.1,0m 10s
16,train,875,0.0002,2.792029851913452,0.0070182806460985115,0.1,0m 9s
16,train,900,0.0002,2.7921562973658243,0.007021922396702899,0.1,0m 10s
16,train,925,0.0002,2.7924057767197894,0.007021689837848818,0.1,0m 10s
16,train,950,0.0002,2.7920836280521595,0.007022958871369299,0.1,0m 10s
16,train,975,0.0002,2.7917635387029405,0.007022334423202735,0.1,0m 10s
16,train,1000,0.0002,2.791962066888809,0.007021532424259931,0.1,0m 9s
16,train,1025,0.0002,2.791654834514711,0.007023177758404394,0.1,0m 10s
16,train,1050,0.0002,2.7919156848816646,0.007021575568776046,0.1,0m 9s
16,train,1075,0.0002,2.7919904085647227,0.007020404597874298,0.1,0m 10s
16,train,1100,0.0002,2.7917824344201523,0.007021547204137526,0.1,0m 9s
16,train,1125,0.0002,2.7918917463090684,0.007023762356489897,0.1,0m 10s
16,train,1150,0.0002,2.7916301901444145,0.007023210379740466,0.1,0m 10s
16,train,1175,0.0002,2.7918140052227263,0.007023263730584307,0.1,0m 9s
16,train,1200,0.0002,2.7917181626955667,0.007022972409225379,0.1,0m 9s
16,train,1225,0.0002,2.7921622068054823,0.0070222284044234124,0.1,0m 9s
16,train,1250,0.0002,2.79207379322052,0.007022922072932124,0.1,0m 9s
16,train,1267,0.0002,2.792013902784617,0.007024908641201827,0.1,0m 6s
16,val,25,0.0002,2.7902638764573324,0.007016546753214978,0.1,0m 6s
16,val,50,0.0002,2.788596456849222,0.007007969922372674,0.1,0m 5s
16,val,75,0.0002,2.7869931002842865,0.007000404844843351,0.1,0m 6s
16,val,100,0.0002,2.7854370652277627,0.0069922086722800005,0.1,0m 5s
16,val,125,0.0002,2.783969971811634,0.006984648532929948,0.1,0m 5s
16,val,150,0.0002,2.7825493770497065,0.006977252093332392,0.1,0m 5s
16,val,159,0.0002,2.7820182082362126,0.00697502196044106,0.1,0m 2s
17,train,25,0.0002,2.7976650333404542,0.007039254289120436,0.1,0m 10s
17,train,50,0.0002,2.8015370082855227,0.007061419365927577,0.1,0m 9s
17,train,75,0.0002,2.7969761657714844,0.007049392772217592,0.1,0m 9s
17,train,100,0.0002,2.7927035093307495,0.007052446454763412,0.1,0m 10s
17,train,125,0.0002,2.795282733917236,0.007029800355434418,0.1,0m 10s
17,train,150,0.0002,2.7947229592005414,0.007029471192508936,0.1,0m 10s
17,train,175,0.0002,2.793982903616769,0.007022551048014845,0.1,0m 10s
17,train,200,0.0002,2.794019466638565,0.007011242210865021,0.1,0m 9s
17,train,225,0.0002,2.7933874660068088,0.007010344217220943,0.1,0m 10s
17,train,250,0.0002,2.793357307434082,0.007017924478277564,0.1,0m 10s
17,train,275,0.0002,2.793117504119873,0.007015685220672326,0.1,0m 10s
17,train,300,0.0002,2.7921760988235476,0.007016044952906668,0.1,0m 10s
17,train,325,0.0002,2.7921896919837366,0.007012144175286477,0.1,0m 10s
17,train,350,0.0002,2.79200211252485,0.007018589696713856,0.1,0m 10s
17,train,375,0.0002,2.792637030919393,0.007016170968612035,0.1,0m 10s
17,train,400,0.0002,2.7925122809410095,0.007016005719779059,0.1,0m 9s
17,train,425,0.0002,2.791400301316205,0.0070178899826372374,0.1,0m 9s
17,train,450,0.0002,2.7912751054763794,0.007020715915908416,0.1,0m 10s
17,train,475,0.0002,2.7908248143447074,0.007024199607733049,0.1,0m 10s
17,train,500,0.0002,2.7910141315460204,0.007024374808184803,0.1,0m 9s
17,train,525,0.0002,2.7908104406084333,0.0070255207279253575,0.1,0m 10s
17,train,550,0.0002,2.790240047628229,0.007023766534402966,0.1,0m 9s
17,train,575,0.0002,2.790410208080126,0.007024422120302916,0.1,0m 10s
17,train,600,0.0002,2.7908523058891297,0.007025164111983031,0.1,0m 10s
17,train,625,0.0002,2.7910492321014404,0.007023362793028355,0.1,0m 10s
17,train,650,0.0002,2.79148508805495,0.007026663883231007,0.1,0m 9s
17,train,675,0.0002,2.7912646124098037,0.0070275755564647695,0.1,0m 10s
17,train,700,0.0002,2.791765503202166,0.007028233832679689,0.1,0m 9s
17,train,725,0.0002,2.791386091955777,0.007029403482788596,0.1,0m 10s
17,train,750,0.0002,2.790973189353943,0.007025239244103432,0.1,0m 10s
17,train,775,0.0002,2.7907041448162446,0.00702214845546311,0.1,0m 9s
17,train,800,0.0002,2.7904377195239065,0.007021727514802479,0.1,0m 10s
17,train,825,0.0002,2.7903549136537493,0.007021589161207278,0.1,0m 10s
17,train,850,0.0002,2.790443021549898,0.007021612621405545,0.1,0m 10s
17,train,875,0.0002,2.7904659026009697,0.007023312435086284,0.1,0m 9s
17,train,900,0.0002,2.7904045152664185,0.007022014399473038,0.1,0m 10s
17,train,925,0.0002,2.790393020269033,0.007026570325566305,0.1,0m 10s
17,train,950,0.0002,2.7903386648077713,0.007027449551479597,0.1,0m 10s
17,train,975,0.0002,2.790375130237677,0.0070277573387974345,0.1,0m 10s
17,train,1000,0.0002,2.790319289922714,0.007026454180013388,0.1,0m 9s
17,train,1025,0.0002,2.7901903931687517,0.00702677812881586,0.1,0m 10s
17,train,1050,0.0002,2.7900147294998168,0.007024347190966919,0.1,0m 10s
17,train,1075,0.0002,2.7901260832853096,0.007023949643900228,0.1,0m 10s
17,train,1100,0.0002,2.790015207420696,0.007023950655605983,0.1,0m 9s
17,train,1125,0.0002,2.7901237703959145,0.007026277726309167,0.1,0m 10s
17,train,1150,0.0002,2.790309571597887,0.007026520251984829,0.1,0m 10s
17,train,1175,0.0002,2.7905555536391886,0.007028903117443018,0.1,0m 10s
17,train,1200,0.0002,2.7902441958586377,0.007027196319540963,0.1,0m 10s
17,train,1225,0.0002,2.7906866355818147,0.00702678936894755,0.1,0m 10s
17,train,1250,0.0002,2.7903930639266967,0.007023843615874648,0.1,0m 10s
17,train,1267,0.0002,2.790076854385159,0.0070242650664301964,0.1,0m 6s
17,val,25,0.0002,2.788840222469424,0.007018107085073534,0.1,0m 6s
17,val,50,0.0002,2.787721888622553,0.007010618874615082,0.1,0m 5s
17,val,75,0.0002,2.7864635274946776,0.007001832493646112,0.1,0m 5s
17,val,100,0.0002,2.7852626139871726,0.006994184508549095,0.1,0m 5s
17,val,125,0.0002,2.784204750568017,0.006988324722055688,0.1,0m 5s
17,val,150,0.0002,2.783137194607236,0.006982052700374546,0.1,0m 5s
17,val,159,0.0002,2.7827017708546986,0.006979088683653137,0.1,0m 2s
18,train,25,0.0002,2.7799424934387207,0.007073482852429151,0.1,0m 10s
18,train,50,0.0002,2.791376609802246,0.007068597674369812,0.1,0m 10s
18,train,75,0.0002,2.790294828414917,0.007034051604568959,0.1,0m 9s
18,train,100,0.0002,2.7882332372665406,0.007013551890850067,0.1,0m 10s
18,train,125,0.0002,2.78674933052063,0.007019296817481518,0.1,0m 10s
18,train,150,0.0002,2.7868957138061523,0.007022927965347966,0.1,0m 10s
18,train,175,0.0002,2.78588894707816,0.007010220914546932,0.1,0m 10s
18,train,200,0.0002,2.787309864759445,0.007013860717415809,0.1,0m 10s
18,train,225,0.0002,2.7869854248894583,0.00701745319697592,0.1,0m 10s
18,train,250,0.0002,2.787925877571106,0.007014050697907805,0.1,0m 10s
18,train,275,0.0002,2.7893903923034666,0.00701203347437761,0.1,0m 9s
18,train,300,0.0002,2.7905431334177653,0.007010556318176289,0.1,0m 10s
18,train,325,0.0002,2.789903780863835,0.007007358581400835,0.1,0m 10s
18,train,350,0.0002,2.790216351236616,0.007008072095257895,0.1,0m 10s
18,train,375,0.0002,2.789836680094401,0.0070059281637271245,0.1,0m 9s
18,train,400,0.0002,2.7899775183200837,0.007005858740303666,0.1,0m 10s
18,train,425,0.0002,2.7898301909951604,0.007007665962857359,0.1,0m 10s
18,train,450,0.0002,2.7902704821692574,0.007005246012575097,0.1,0m 10s
18,train,475,0.0002,2.7899592600370706,0.007007386927541934,0.1,0m 10s
18,train,500,0.0002,2.7900408487319948,0.007012481153942644,0.1,0m 9s
18,train,525,0.0002,2.7893239098503475,0.00701100681420593,0.1,0m 10s
18,train,550,0.0002,2.789875701557506,0.007009582379832863,0.1,0m 9s
18,train,575,0.0002,2.789875178544418,0.007008671756509853,0.1,0m 10s
18,train,600,0.0002,2.7894677313168845,0.007010011976429572,0.1,0m 10s
18,train,625,0.0002,2.7896629024505617,0.0070100815653800965,0.1,0m 9s
18,train,650,0.0002,2.789846719595102,0.007013255943759129,0.1,0m 10s
18,train,675,0.0002,2.7897341488025806,0.007012901121957435,0.1,0m 9s
18,train,700,0.0002,2.7894133918625967,0.007013976326478379,0.1,0m 10s
18,train,725,0.0002,2.7891707223037194,0.007013783232662185,0.1,0m 9s
18,train,750,0.0002,2.789198888460795,0.007015895167986552,0.1,0m 10s
18,train,775,0.0002,2.7888719890963647,0.007016404749404999,0.1,0m 10s
18,train,800,0.0002,2.7886977037787437,0.007014843014185317,0.1,0m 10s
18,train,825,0.0002,2.7892690219301164,0.007019911274088152,0.1,0m 10s
18,train,850,0.0002,2.78906892860637,0.00701768074896844,0.1,0m 10s
18,train,875,0.0002,2.7885473324911936,0.007018919292305197,0.1,0m 10s
18,train,900,0.0002,2.788910846710205,0.00701974294665787,0.1,0m 10s
18,train,925,0.0002,2.7888251552066285,0.007020143793040031,0.1,0m 9s
18,train,950,0.0002,2.7890371862210723,0.0070211826210939575,0.1,0m 10s
18,train,975,0.0002,2.7887572227380213,0.00702094747708776,0.1,0m 9s
18,train,1000,0.0002,2.7884143364429472,0.007023721972014755,0.1,0m 10s
18,train,1025,0.0002,2.788452248689605,0.007021689036088746,0.1,0m 10s
18,train,1050,0.0002,2.788658214296613,0.007023086016554208,0.1,0m 10s
18,train,1075,0.0002,2.7887788067307584,0.0070255332505113855,0.1,0m 10s
18,train,1100,0.0002,2.7886072546785527,0.00702545684508302,0.1,0m 10s
18,train,1125,0.0002,2.7887623812357583,0.007026547961350944,0.1,0m 10s
18,train,1150,0.0002,2.7885743460447894,0.007026190994226415,0.1,0m 9s
18,train,1175,0.0002,2.7885554680925733,0.007025483111117749,0.1,0m 9s
18,train,1200,0.0002,2.7884521704912184,0.007023892096088578,0.1,0m 10s
18,train,1225,0.0002,2.78814936968745,0.007024292967909453,0.1,0m 10s
18,train,1250,0.0002,2.78824351978302,0.0070224126238375905,0.1,0m 9s
18,train,1267,0.0002,2.7883717176381677,0.00702326552135298,0.1,0m 6s
18,val,25,0.0002,2.7868871557823276,0.007015087001311129,0.1,0m 6s
18,val,50,0.0002,2.785523351069735,0.007007971735870581,0.1,0m 5s
18,val,75,0.0002,2.7840338227645827,0.006998944606690288,0.1,0m 6s
18,val,100,0.0002,2.782654452864585,0.006991943488225897,0.1,0m 5s
18,val,125,0.0002,2.781442804583188,0.006986581500962205,0.1,0m 6s
18,val,150,0.0002,2.780323856215117,0.006981546751663205,0.1,0m 5s
18,val,159,0.0002,2.779942053731996,0.006979002116044244,0.1,0m 2s
19,train,25,0.0002,2.7843639278411865,0.0070194961503148075,0.1,0m 10s
19,train,50,0.0002,2.783364577293396,0.006986389942467213,0.1,0m 10s
19,train,75,0.0002,2.781570040384928,0.0069977434476216635,0.1,0m 9s
19,train,100,0.0002,2.781915853023529,0.007016838849522173,0.1,0m 9s
19,train,125,0.0002,2.78550407409668,0.007040353797376156,0.1,0m 9s
19,train,150,0.0002,2.7877740557988484,0.0070353563409298655,0.1,0m 10s
19,train,175,0.0002,2.7880984251839775,0.007033013363501856,0.1,0m 10s
19,train,200,0.0002,2.787882616519928,0.007021686958614737,0.1,0m 10s
19,train,225,0.0002,2.7874865574306913,0.007019816183795532,0.1,0m 9s
19,train,250,0.0002,2.7873930397033693,0.007024031100794673,0.1,0m 10s
19,train,275,0.0002,2.7890897117961537,0.007028291838412935,0.1,0m 10s
19,train,300,0.0002,2.7897942034403482,0.007024814037916561,0.1,0m 9s
19,train,325,0.0002,2.789108673976018,0.007015033626499084,0.1,0m 10s
19,train,350,0.0002,2.788912852832249,0.007016218276694417,0.1,0m 10s
19,train,375,0.0002,2.789064041773478,0.0070153090879321095,0.1,0m 10s
19,train,400,0.0002,2.789175323843956,0.007019568393006921,0.1,0m 10s
19,train,425,0.0002,2.789594814076143,0.007013845452490975,0.1,0m 10s
19,train,450,0.0002,2.7887853203879462,0.0070168901586698165,0.1,0m 10s
19,train,475,0.0002,2.7885493148000617,0.007017771095821732,0.1,0m 10s
19,train,500,0.0002,2.788732084274292,0.007016552419401705,0.1,0m 10s
19,train,525,0.0002,2.788425453276861,0.007021149285137653,0.1,0m 10s
19,train,550,0.0002,2.7875513657656583,0.0070228981082750995,0.1,0m 9s
19,train,575,0.0002,2.7875744351096774,0.00702146391586765,0.1,0m 9s
19,train,600,0.0002,2.7877281900246937,0.0070164183954087396,0.1,0m 9s
19,train,625,0.0002,2.787666191482544,0.007014685487747192,0.1,0m 10s
19,train,650,0.0002,2.788007084406339,0.00701888161783035,0.1,0m 10s
19,train,675,0.0002,2.7879450119866265,0.00702014719998395,0.1,0m 9s
19,train,700,0.0002,2.788729811736516,0.007023119096910315,0.1,0m 9s
19,train,725,0.0002,2.788572557712423,0.007023030084011884,0.1,0m 10s
19,train,750,0.0002,2.788744787534078,0.007021252986664573,0.1,0m 10s
19,train,775,0.0002,2.7884976494696834,0.007019680852010365,0.1,0m 9s
19,train,800,0.0002,2.7886195212602614,0.007017458558548242,0.1,0m 10s
19,train,825,0.0002,2.788181928287853,0.007016109024936503,0.1,0m 10s
19,train,850,0.0002,2.7883395767211914,0.007017927635461092,0.1,0m 10s
19,train,875,0.0002,2.78825891658238,0.007019591797675405,0.1,0m 10s
19,train,900,0.0002,2.7881834321551855,0.007021669134911564,0.1,0m 9s
19,train,925,0.0002,2.788590866295067,0.007021771631631497,0.1,0m 9s
19,train,950,0.0002,2.7883185577392577,0.007024873485788703,0.1,0m 10s
19,train,975,0.0002,2.788107083883041,0.007024268573388839,0.1,0m 9s
19,train,1000,0.0002,2.7881891450881957,0.007023200931958854,0.1,0m 9s
19,train,1025,0.0002,2.788270321357541,0.007022170441270601,0.1,0m 10s
19,train,1050,0.0002,2.7879772047769458,0.007023330822675711,0.1,0m 9s
19,train,1075,0.0002,2.7878032737554506,0.0070222636853712935,0.1,0m 10s
19,train,1100,0.0002,2.787596835006367,0.007022814162244851,0.1,0m 10s
19,train,1125,0.0002,2.787515684339735,0.007023255299776793,0.1,0m 9s
19,train,1150,0.0002,2.787568698965985,0.00702305870535581,0.1,0m 10s
19,train,1175,0.0002,2.787558343562674,0.007022284626802232,0.1,0m 10s
19,train,1200,0.0002,2.7871700159708657,0.007022263365409648,0.1,0m 9s
19,train,1225,0.0002,2.7872805048494924,0.007020223736763,0.1,0m 10s
19,train,1250,0.0002,2.787375435638428,0.007018182390555739,0.1,0m 10s
19,train,1267,0.0002,2.7871787382470594,0.007020527008118221,0.1,0m 6s
19,val,25,0.0002,2.7855574507093284,0.0070151294017176,0.1,0m 6s
19,val,50,0.0002,2.783876284741957,0.007007884642359607,0.1,0m 5s
19,val,75,0.0002,2.782325271700249,0.00700124128112339,0.1,0m 5s
19,val,100,0.0002,2.780964301813233,0.006997794571694398,0.1,0m 5s
19,val,125,0.0002,2.7794704757545188,0.006991142209354338,0.1,0m 5s
19,val,150,0.0002,2.7781252869435744,0.006985810546213649,0.1,0m 5s
19,val,159,0.0002,2.777713467997889,0.006984310074765522,0.1,0m 1s
20,train,25,0.0002,2.7860310173034666,0.006968916431069374,0.1,0m 10s
20,train,50,0.0002,2.7876017665863038,0.006948490208014846,0.1,0m 10s
20,train,75,0.0002,2.783620897928874,0.006963763522605101,0.1,0m 10s
20,train,100,0.0002,2.7871062564849853,0.006975156348198652,0.1,0m 9s
20,train,125,0.0002,2.7876349029541014,0.00698564824834466,0.1,0m 10s
20,train,150,0.0002,2.789160162607829,0.00698622073357304,0.1,0m 10s
20,train,175,0.0002,2.78747147832598,0.0069837083481252196,0.1,0m 10s
20,train,200,0.0002,2.787777496576309,0.00699439988238737,0.1,0m 10s
20,train,225,0.0002,2.786906907823351,0.006995665838734971,0.1,0m 9s
20,train,250,0.0002,2.7861778678894042,0.0069990297835320235,0.1,0m 10s
20,train,275,0.0002,2.786610990004106,0.006992963862351396,0.1,0m 10s
20,train,300,0.0002,2.7876370906829835,0.006995923056577643,0.1,0m 10s
20,train,325,0.0002,2.78807200725262,0.006998091014818503,0.1,0m 10s
20,train,350,0.0002,2.788702870096479,0.0069987378748399874,0.1,0m 9s
20,train,375,0.0002,2.7882748177846275,0.007003682081898053,0.1,0m 10s
20,train,400,0.0002,2.7878979736566545,0.007001573505112902,0.1,0m 10s
20,train,425,0.0002,2.788868028416353,0.0070061643312082575,0.1,0m 10s
20,train,450,0.0002,2.788674308458964,0.007000890247937706,0.1,0m 9s
20,train,475,0.0002,2.787982902024922,0.006997400257540376,0.1,0m 10s
20,train,500,0.0002,2.788067710399628,0.006997591750696301,0.1,0m 10s
20,train,525,0.0002,2.7885798949287053,0.006999216855814059,0.1,0m 10s
20,train,550,0.0002,2.788198751969771,0.007005790570242839,0.1,0m 10s
20,train,575,0.0002,2.7882457040703814,0.007011551725799623,0.1,0m 9s
20,train,600,0.0002,2.788520180384318,0.007013221149488042,0.1,0m 10s
20,train,625,0.0002,2.7884194454193114,0.007017796168476343,0.1,0m 10s
20,train,650,0.0002,2.7886782558147725,0.007022003878910954,0.1,0m 10s
20,train,675,0.0002,2.7891957212377476,0.007022510242682916,0.1,0m 9s
20,train,700,0.0002,2.7894265120370045,0.007026066638396254,0.1,0m 10s
20,train,725,0.0002,2.7890369648768982,0.0070263030990187466,0.1,0m 10s
20,train,750,0.0002,2.788880001068115,0.007028893598665794,0.1,0m 10s
20,train,775,0.0002,2.78908408164978,0.007032314165825805,0.1,0m 10s
20,train,800,0.0002,2.7896985912323,0.007032889108522795,0.1,0m 9s
20,train,825,0.0002,2.788968895998868,0.0070319165379712075,0.1,0m 10s
20,train,850,0.0002,2.7888439214930814,0.007029796634965084,0.1,0m 10s
20,train,875,0.0002,2.788581215449742,0.007026954300169434,0.1,0m 10s
20,train,900,0.0002,2.7885841409365337,0.00702536827005032,0.1,0m 9s
20,train,925,0.0002,2.78907113564981,0.007026457317374848,0.1,0m 10s
20,train,950,0.0002,2.7890390293221725,0.007023553773760796,0.1,0m 10s
20,train,975,0.0002,2.7888220945994058,0.007023651858743949,0.1,0m 10s
20,train,1000,0.0002,2.7884315667152406,0.007020064150914549,0.1,0m 10s
20,train,1025,0.0002,2.7887667842027617,0.007022238004407505,0.1,0m 10s
20,train,1050,0.0002,2.788929565066383,0.007021194028535059,0.1,0m 10s
20,train,1075,0.0002,2.7892895816093266,0.007019317681186421,0.1,0m 11s
20,train,1100,0.0002,2.789314362569289,0.00701955639206889,0.1,0m 13s
20,train,1125,0.0002,2.7891022351582846,0.007018814012408257,0.1,0m 13s
20,train,1150,0.0002,2.789214166558307,0.0070180317820252285,0.1,0m 14s
20,train,1175,0.0002,2.789029641658702,0.007017350974393652,0.1,0m 13s
20,train,1200,0.0002,2.7890890016158423,0.007017081208371868,0.1,0m 13s
20,train,1225,0.0002,2.788869309717295,0.007016698802080081,0.1,0m 13s
20,train,1250,0.0002,2.7885954305648806,0.007016308441385627,0.1,0m 13s
20,train,1267,0.0002,2.7887137863893816,0.007018104756446504,0.1,0m 9s
20,val,25,0.0002,2.787722063138389,0.00701059842656652,0.1,0m 6s
20,val,50,0.0002,2.7867710251833513,0.007002395863065619,0.1,0m 6s
20,val,75,0.0002,2.7857521537874566,0.006995095730163768,0.1,0m 6s
20,val,100,0.0002,2.7847652618433316,0.006989316714705453,0.1,0m 7s
20,val,125,0.0002,2.783901738024306,0.006981170682728976,0.1,0m 7s
20,val,150,0.0002,2.7830539712118445,0.006975296363247665,0.1,0m 6s
20,val,159,0.0002,2.7827823399494274,0.0069733875422238216,0.1,0m 2s
21,train,25,0.0002,2.7828826236724855,0.007017275001853705,0.1,0m 13s
21,train,50,0.0002,2.77728853225708,0.007052230006083846,0.1,0m 13s
21,train,75,0.0002,2.781386645634969,0.007043547400583824,0.1,0m 13s
21,train,100,0.0002,2.7878040432929994,0.007049827803857624,0.1,0m 14s
21,train,125,0.0002,2.7860409660339354,0.007042678222060204,0.1,0m 14s
21,train,150,0.0002,2.7884266169865928,0.007039721483985583,0.1,0m 13s
21,train,175,0.0002,2.786221763065883,0.007016304986817496,0.1,0m 14s
21,train,200,0.0002,2.787245007753372,0.007011664432939142,0.1,0m 14s
21,train,225,0.0002,2.787393817901611,0.007006919011473656,0.1,0m 14s
21,train,250,0.0002,2.7874343967437745,0.007002304881811142,0.1,0m 14s
21,train,275,0.0002,2.787831715670499,0.0070039560290222815,0.1,0m 14s
21,train,300,0.0002,2.787505675156911,0.00700873537765195,0.1,0m 14s
21,train,325,0.0002,2.7886934830592227,0.007016772087663412,0.1,0m 13s
21,train,350,0.0002,2.789384695461818,0.007016746081145746,0.1,0m 14s
21,train,375,0.0002,2.7874737485249836,0.0070125628225505355,0.1,0m 14s
21,train,400,0.0002,2.7884697419404985,0.007017651632195338,0.1,0m 16s
21,train,425,0.0002,2.7884728555118334,0.007021238531040795,0.1,0m 15s
21,train,450,0.0002,2.7880648401048447,0.007019806114128895,0.1,0m 16s
21,train,475,0.0002,2.788591529946578,0.007018485836880772,0.1,0m 15s
21,train,500,0.0002,2.7881148982048036,0.007015392613597214,0.1,0m 16s
21,train,525,0.0002,2.788036517642793,0.007016741568666129,0.1,0m 19s
21,train,550,0.0002,2.787520348375494,0.007016081114045598,0.1,0m 21s
21,train,575,0.0002,2.787993626387223,0.007013327834074912,0.1,0m 23s
21,train,600,0.0002,2.7874738315741223,0.007012580644804985,0.1,0m 21s
21,train,625,0.0002,2.7873377407073976,0.0070122533172369,0.1,0m 24s
21,train,650,0.0002,2.7873060450187097,0.007010450119582507,0.1,0m 22s
21,train,675,0.0002,2.787546220355564,0.0070115785342123775,0.1,0m 24s
21,train,700,0.0002,2.7880001834460666,0.00701373214168208,0.1,0m 23s
21,train,725,0.0002,2.788077093650555,0.007014319467005031,0.1,0m 24s
21,train,750,0.0002,2.788405558904012,0.007015067258228858,0.1,0m 22s
21,train,775,0.0002,2.788285606138168,0.007016207979571434,0.1,0m 24s
21,train,800,0.0002,2.7881259843707085,0.007019466251367703,0.1,0m 23s
21,train,825,0.0002,2.78782150702043,0.0070159661747289425,0.1,0m 24s
21,train,850,0.0002,2.7875309506584616,0.007015463224447825,0.1,0m 23s
21,train,875,0.0002,2.7873933585030692,0.007011124289993729,0.1,0m 24s
21,train,900,0.0002,2.7873464001549615,0.007010742935558988,0.1,0m 24s
21,train,925,0.0002,2.7874200702357936,0.00701147657240162,0.1,0m 25s
21,train,950,0.0002,2.7875005247718407,0.007012151526287198,0.1,0m 24s
21,train,975,0.0002,2.787344703674316,0.007012952198393834,0.1,0m 26s
21,train,1000,0.0002,2.787408996105194,0.007013899765908718,0.1,0m 25s
21,train,1025,0.0002,2.787433968055539,0.007015239657697881,0.1,0m 26s
21,train,1050,0.0002,2.787940472421192,0.007013568294988502,0.1,0m 26s
21,train,1075,0.0002,2.787784451551216,0.00701097734402432,0.1,0m 28s
21,train,1100,0.0002,2.7876064239848746,0.00701239684808322,0.1,0m 27s
21,train,1125,0.0002,2.7876408104366726,0.007012050084769726,0.1,0m 28s
21,train,1150,0.0002,2.787498804382656,0.007011910747007831,0.1,0m 28s
21,train,1175,0.0002,2.7875692976282,0.007014192739461965,0.1,0m 28s
21,train,1200,0.0002,2.787489800055822,0.0070157404220663015,0.1,0m 28s
21,train,1225,0.0002,2.7874062160569792,0.007014685027605417,0.1,0m 28s
21,train,1250,0.0002,2.787411358642578,0.0070155481237918135,0.1,0m 28s
21,train,1267,0.0002,2.787521476715497,0.007017213901565149,0.1,0m 18s
21,val,25,0.0002,2.7867098029922035,0.007009606458457192,0.1,0m 24s
21,val,50,0.0002,2.7858474486328566,0.007000773423828677,0.1,0m 21s
21,val,75,0.0002,2.784960439059489,0.006994209381378355,0.1,0m 23s
21,val,100,0.0002,2.784143990640145,0.006987513202067462,0.1,0m 21s
21,val,125,0.0002,2.7834580881499695,0.006980246462492572,0.1,0m 23s
21,val,150,0.0002,2.7827784126715165,0.006974851812486423,0.1,0m 22s
21,val,159,0.0002,2.7825998504232055,0.006972974485314097,0.1,0m 7s
22,train,25,0.0002,2.8128950023651123,0.006983200274407864,0.1,0m 14s
22,train,50,0.0002,2.7988537645339964,0.007017084527760744,0.1,0m 14s
22,train,75,0.0002,2.797164799372355,0.007022094974915186,0.1,0m 14s
22,train,100,0.0002,2.793883032798767,0.007003130656667054,0.1,0m 14s
22,train,125,0.0002,2.792276247024536,0.006992798067629338,0.1,0m 14s
22,train,150,0.0002,2.788748404184977,0.006998223019763827,0.1,0m 14s
22,train,175,0.0002,2.7897558062417165,0.007002659144678286,0.1,0m 14s
22,train,200,0.0002,2.7903430593013763,0.006998354897368699,0.1,0m 14s
22,train,225,0.0002,2.789019684261746,0.0070171978428132005,0.1,0m 14s
22,train,250,0.0002,2.7900645599365235,0.007014274334535003,0.1,0m 15s
22,train,275,0.0002,2.7895095677809283,0.007005746874280952,0.1,0m 15s
22,train,300,0.0002,2.789103874365489,0.007002869689216216,0.1,0m 16s
22,train,325,0.0002,2.7897325405707725,0.0070086826914205,0.1,0m 15s
22,train,350,0.0002,2.7894095196042743,0.007014268793697868,0.1,0m 16s
22,train,375,0.0002,2.7888046741485595,0.007010551974177361,0.1,0m 15s
22,train,400,0.0002,2.787414749264717,0.007013252713950351,0.1,0m 15s
22,train,425,0.0002,2.787887395970962,0.007007592557107701,0.1,0m 16s
22,train,450,0.0002,2.7871161619822185,0.007008333422450556,0.1,0m 16s
22,train,475,0.0002,2.787005991684763,0.007008473371204577,0.1,0m 18s
22,train,500,0.0002,2.786969636917114,0.00700641670729965,0.1,0m 16s
22,train,525,0.0002,2.787231337229411,0.007010807591889586,0.1,0m 18s
22,train,550,0.0002,2.7872631376439876,0.007009658232669939,0.1,0m 17s
22,train,575,0.0002,2.787251105930494,0.007013254948770222,0.1,0m 19s
22,train,600,0.0002,2.7877225188414254,0.007012449930577229,0.1,0m 18s
22,train,625,0.0002,2.7875826259613037,0.007010657419264317,0.1,0m 18s
22,train,650,0.0002,2.7880602268072274,0.007010940578407966,0.1,0m 18s
22,train,675,0.0002,2.7882670529683433,0.007014057401705671,0.1,0m 18s
22,train,700,0.0002,2.7877066554342,0.007010173167634223,0.1,0m 19s
22,train,725,0.0002,2.7868120453275482,0.007011401180563302,0.1,0m 20s
22,train,750,0.0002,2.786652515411377,0.007010202767948309,0.1,0m 20s
22,train,775,0.0002,2.786320153820899,0.007008152362560072,0.1,0m 22s
22,train,800,0.0002,2.785824320614338,0.007009024559520185,0.1,0m 20s
22,train,825,0.0002,2.786002741726962,0.0070081224523936255,0.1,0m 23s
22,train,850,0.0002,2.7861199707143447,0.007006607740460073,0.1,0m 21s
22,train,875,0.0002,2.786299357550485,0.0070091467159135,0.1,0m 23s
22,train,900,0.0002,2.786102840370602,0.007007083861260779,0.1,0m 22s
22,train,925,0.0002,2.7856881144240098,0.007008248980383615,0.1,0m 24s
22,train,950,0.0002,2.785979820552625,0.007008751689603454,0.1,0m 23s
22,train,975,0.0002,2.785852021437425,0.007007889115753082,0.1,0m 24s
